date,margin_bal
2018-04-04,598181552536
2018-04-09,599650337034
2018-04-10,599080845943
2018-04-11,599689679276
2018-04-12,600424988033
2018-04-13,599833935982
2018-04-16,601024882857
2018-04-17,600284382263
2018-04-18,600098082128
2018-04-19,599180521526
2018-04-20,596545372671
2018-04-23,596995595435
2018-04-24,596377635708
2018-04-25,597019402304
2018-04-26,596178122764
2018-04-27,592867415552
2018-05-02,592911559958
2018-05-03,591987078108
2018-05-04,590434735762
2018-05-07,591629638695
2018-05-08,592400524194
2018-05-09,593703956355
2018-05-10,594735071550
2018-05-11,592719427747
2018-05-14,592905263679
2018-05-15,593410196752
2018-05-16,594416330170
2018-05-17,595158136870
2018-05-18,594145598040
2018-05-21,595880340436
2018-05-22,597985960989
2018-05-23,599797085094
2018-05-24,600564172688
2018-05-25,598455827921
2018-05-28,598949037435
2018-05-29,597965012117
2018-05-30,595635486365
2018-05-31,595372987763
2018-06-01,592445445276
2018-06-04,590840188900
2018-06-05,591074705741
2018-06-06,590709945434
2018-06-07,590959804095
2018-06-08,589088015126
2018-06-11,588485005458
2018-06-12,588519533549
2018-06-13,587140793988
2018-06-14,586589031060
2018-06-15,581569561529
2018-06-19,567849953722
2018-06-20,564645936794
2018-06-21,560808688544
2018-06-22,558196136785
2018-06-25,556875334203
2018-06-26,556636105493
2018-06-27,555886983956
2018-06-28,555085668675
2018-06-29,553522416883
2018-07-02,552525463016
2018-07-03,552690105369
2018-07-04,549414701907
2018-07-05,546020776894
2018-07-06,543489414407
2018-07-09,542012974350
2018-07-10,541878346674
2018-07-11,539487029849
2018-07-12,540247707295
2018-07-13,538340528874
2018-07-16,538527240085
2018-07-17,539103125579
2018-07-18,538559054640
2018-07-19,536935848153
2018-07-20,534906513435
2018-07-23,534001675133
2018-07-24,533653883014
2018-07-25,534356990639
2018-07-26,535637045599
2018-07-27,533848926644
2018-07-30,533625257352
2018-07-31,532916979958
2018-08-01,532068228664
2018-08-02,531174597926
2018-08-03,528810410344
2018-08-06,527221789894
2018-08-07,526392695026
2018-08-08,524900753790
2018-08-09,524594839263
2018-08-10,522761979654
2018-08-13,523722819418
2018-08-14,523860576227
2018-08-15,523990050346
2018-08-16,524345738232
2018-08-17,522737305344
2018-08-20,521423369451
2018-08-21,520047585196
2018-08-22,519198247652
2018-08-23,519453159802
2018-08-24,517564307970
2018-08-27,517733060699
2018-08-28,517411048779
2018-08-29,516904203797
2018-08-30,516491992705
2018-08-31,513956376664
2018-09-03,513290990055
2018-09-04,513182458484
2018-09-05,513010193653
2018-09-06,513256982251
2018-09-07,511137883134
2018-09-10,509479248423
2018-09-11,508866481182
2018-09-12,508765532668
2018-09-13,508467827596
2018-09-14,506009498734
2018-09-17,504993237974
2018-09-18,504631339773
2018-09-19,502678815221
2018-09-20,501271444915
2018-09-21,498777152833
2018-09-25,499653250243
2018-09-26,499093628658
2018-09-27,497647547449
2018-09-28,492989890192
2018-10-08,496333847498
2018-10-09,496798379422
2018-10-10,496692130111
2018-10-11,489362003478
2018-10-12,482668130673
2018-10-15,479708528447
2018-10-16,475305265051
2018-10-17,472763724975
2018-10-18,470159311394
2018-10-19,466894473017
2018-10-22,467650052315
2018-10-23,468538487733
2018-10-24,468452250683
2018-10-25,468119435880
2018-10-26,467169473732
2018-10-29,467955868930
2018-10-30,466687049647
2018-10-31,466160156064
2018-11-01,465870071113
2018-11-02,464828736776
2018-11-05,466115042931
2018-11-06,466581343674
2018-11-07,466902793065
2018-11-08,466765910615
2018-11-09,467006411052
2018-11-12,468798812385
2018-11-13,469651112918
2018-11-14,471116952401
2018-11-15,472299226346
2018-11-16,471864498649
2018-11-19,473853869819
2018-11-20,475056211230
2018-11-21,475233531812
2018-11-22,475446195531
2018-11-23,472689959467
2018-11-26,472356414911
2018-11-27,472518416397
2018-11-28,471762479372
2018-11-29,470522757696
2018-11-30,468743399761
2018-12-03,469245598003
2018-12-04,469135276155
2018-12-05,469009226480
2018-12-06,470166691402
2018-12-07,469305526326
2018-12-10,469640781271
2018-12-11,469293601471
2018-12-12,469095178379
2018-12-13,469359024408
2018-12-14,467350549615
2018-12-17,467686247128
2018-12-18,467607913280
2018-12-19,466785517266
2018-12-20,467700056854
2018-12-21,466520920169
2018-12-24,466694612238
2018-12-25,465977437816
2018-12-26,465856293975
2018-12-27,465434791784
2018-12-28,461987376518
2019-01-02,462351753650
2019-01-03,461887281000
2019-01-04,462250410730
2019-01-07,462458355219
2019-01-08,462472442828
2019-01-09,461689424168
2019-01-10,461532461893
2019-01-11,460323775055
2019-01-14,460947518023
2019-01-15,460338181685
2019-01-16,459037993700
2019-01-17,458623130349
2019-01-18,456668089943
2019-01-21,456096234282
2019-01-22,457169620037
2019-01-23,456649149578
2019-01-24,455891899209
2019-01-25,452458688565
2019-01-28,451157215423
2019-01-29,449290368941
2019-01-30,447513860371
2019-01-31,444603342646
2019-02-01,438481618486
2019-02-11,441723272260
2019-02-12,443198997474
2019-02-13,445877866753
2019-02-14,447472501005
2019-02-15,449451785567
2019-02-18,451906400957
2019-02-19,455192743990
2019-02-20,457184818881
2019-02-21,459234809159
2019-02-22,461954859629
2019-02-25,472704160094
2019-02-26,478155076613
2019-02-27,484549266902
2019-02-28,484555495642
2019-03-01,484550188993
2019-03-04,491719613594
2019-03-05,499610506952
2019-03-06,509414858080
2019-03-07,519397678384
2019-03-08,519973258458
2019-03-11,528539041036
2019-03-12,534177143108
2019-03-13,537118191110
2019-03-14,535868334393
2019-03-15,534927567528
2019-03-18,538936145587
2019-03-19,542161873286
2019-03-20,544227583847
2019-03-21,549423715029
2019-03-22,549160945947
2019-03-25,554217910683
2019-03-26,554043266609
2019-03-27,555908994882
2019-03-28,555438962621
2019-03-29,555919750875
2019-04-01,561244963862
2019-04-02,566121855650
2019-04-03,569552117271
2019-04-04,570001321985
2019-04-08,579824640228
2019-04-09,582591393394
2019-04-10,584052810698
2019-04-11,583208143243
2019-04-12,581164513945
2019-04-15,583299208979
2019-04-16,587420822124
2019-04-17,589911050836
2019-04-18,591175252232
2019-04-19,591196274296
2019-04-22,594831558594
2019-04-23,593401459965
2019-04-24,595388886472
2019-04-25,591947751543
2019-04-26,589923831402
2019-04-29,585302832156
2019-04-30,577865182474
2019-05-06,573185674230
2019-05-07,570866704572
2019-05-08,571057518334
2019-05-09,570455002203
2019-05-10,569552302327
2019-05-13,567689658746
2019-05-14,566964503072
2019-05-15,566600704440
2019-05-16,567049805145
2019-05-17,563665781997
2019-05-20,563258751070
2019-05-21,563899124599
2019-05-22,562387964684
2019-05-23,560527552182
2019-05-24,557750049494
2019-05-27,559792435668
2019-05-28,558474984580
2019-05-29,558801967110
2019-05-30,557674222555
2019-05-31,555440566101
2019-06-03,554095723600
2019-06-04,551845445249
2019-06-05,550165203687
2019-06-06,546661467639
2019-06-10,545807399551
2019-06-11,546076092112
2019-06-12,547092700496
2019-06-13,547506113249
2019-06-14,545365849561
2019-06-17,544906059569
2019-06-18,543689979601
2019-06-19,543194212320
2019-06-20,545474733422
2019-06-21,544809211659
2019-06-24,546922849389
2019-06-25,548267174410
2019-06-26,547799690532
2019-06-27,547617686319
2019-06-28,545403611820
2019-07-01,548115136533
2019-07-02,549329550799
2019-07-03,550488925077
2019-07-04,550607512075
2019-07-05,549758208389
2019-07-08,549280291963
2019-07-09,548742383856
2019-07-10,548502478946
2019-07-11,546736009397
2019-07-12,545292920109
2019-07-15,546829583252
2019-07-16,546419207751
2019-07-17,546770795139
2019-07-18,545891094423
2019-07-19,544117046863
2019-07-22,542317389721
2019-07-23,540885652598
2019-07-24,540838721429
2019-07-25,540617344435
2019-07-26,539752245878
2019-07-29,541103076216
2019-07-30,541192071940
2019-07-31,540746046599
2019-08-01,540682032669
2019-08-02,538926998030
2019-08-05,539088661040
2019-08-06,536449029000
2019-08-07,534335401053
2019-08-08,533481575844
2019-08-09,531240738575
2019-08-12,531567416332
2019-08-13,531855170860
2019-08-14,532093964720
2019-08-15,531287578318
2019-08-16,530938203843
2019-08-19,534798962347
2019-08-20,535069125138
2019-08-21,535653416579
2019-08-22,536149988643
2019-08-23,534954183704
2019-08-26,536544973668
2019-08-27,536284871635
2019-08-28,537103608725
2019-08-29,538787831176
2019-08-30,538541616594
2019-09-02,540259932065
2019-09-03,540321825192
2019-09-04,540978840534
2019-09-05,542059512654
2019-09-06,541315600123
2019-09-09,545831543383
2019-09-10,547266110610
2019-09-11,548131519774
2019-09-12,545974771941
2019-09-16,549029500599
2019-09-17,550022693898
2019-09-18,550256286908
2019-09-19,551374200309
2019-09-20,550048535904
2019-09-23,550826508305
2019-09-24,550171649766
2019-09-25,548262512825
2019-09-26,545878128202
2019-09-27,543547417610
2019-09-30,538791089316
2019-10-08,541173606913
2019-10-09,541990984143
2019-10-10,542411429535
2019-10-11,541053440557
2019-10-14,544165541216
2019-10-15,543677569235
2019-10-16,543790595150
2019-10-17,543067159580
2019-10-18,541397950787
2019-10-21,541719877028
2019-10-22,542455008256
2019-10-23,542590711121
2019-10-24,543586678053
2019-10-25,543351773604
2019-10-28,545352851087
2019-10-29,544786863040
2019-10-30,544449761544
2019-10-31,543040299737
2019-11-01,542675980074
2019-11-04,543020295419
2019-11-05,544029029680
2019-11-06,543999526706
2019-11-07,544188094794
2019-11-08,543255280042
2019-11-11,541755441181
2019-11-12,541360163467
2019-11-13,542048023809
2019-11-14,542725646617
2019-11-15,541112917831
2019-11-18,541533326643
2019-11-19,542721380946
2019-11-20,543039825777
2019-11-21,544024320788
2019-11-22,542558701610
2019-11-25,542994841271
2019-11-26,541048628299
2019-11-27,541540132118
2019-11-28,540557833985
2019-11-29,540589918492
2019-12-02,540793588479
2019-12-03,541820549640
2019-12-04,542474281717
2019-12-05,542948225200
2019-12-06,542900227729
2019-12-09,543860276636
2019-12-10,544324601840
2019-12-11,544826951629
2019-12-12,544762356034
2019-12-13,544431163367
2019-12-16,548288053609
2019-12-17,551516610507
2019-12-18,554466188124
2019-12-19,556309366942
2019-12-20,555035446253
2019-12-23,556003821374
2019-12-24,554400951209
2019-12-25,555015167639
2019-12-26,555995394376
2019-12-27,555111529883
2019-12-30,558917674707
2019-12-31,559055426838
2020-01-02,561396722311
2020-01-03,562710881010
2020-01-06,567760802437
2020-01-07,568793261762
2020-01-08,570740658657
2020-01-09,571819012961
2020-01-10,570739934602
2020-01-13,573021434835
2020-01-14,574945207770
2020-01-15,575929132790
2020-01-16,576558354303
2020-01-17,575491812969
2020-01-20,576303022728
2020-01-21,576301105902
2020-01-22,576330861708
2020-01-23,568373798279
2020-02-03,561975455459
2020-02-04,559952837462
2020-02-05,559232297605
2020-02-06,562022699504
2020-02-07,561920858486
2020-02-10,563895597858
2020-02-11,562460299122
2020-02-12,564705327037
2020-02-13,565269286069
2020-02-14,564842574521
2020-02-17,568927550285
2020-02-18,573602028083
2020-02-19,574072376028
2020-02-20,577770431812
2020-02-21,579970674213
2020-02-24,586415776616
2020-02-25,590115848980
2020-02-26,591118726025
2020-02-27,589914863168
2020-02-28,582209646574
2020-03-02,584892862349
2020-03-03,587708596032
2020-03-04,589223256850
2020-03-05,594628864283
2020-03-06,590460217993
2020-03-09,591181177560
2020-03-10,591394308733
2020-03-11,590756731201
2020-03-12,589062499522
2020-03-13,585866095442
2020-03-16,578948250524
2020-03-17,579300265730
2020-03-18,575453741797
2020-03-19,576795028671
2020-03-20,573455088179
2020-03-23,569697127931
2020-03-24,568532351819
2020-03-25,569239231247
2020-03-26,567775129391
2020-03-27,565477732570
2020-03-30,564031495104
2020-03-31,562713019950
2020-04-01,559305882671
2020-04-02,558526402294
2020-04-03,554642771517
2020-04-07,556005279122
2020-04-08,555044653995
2020-04-09,555131422688
2020-04-10,552122826513
2020-04-13,551402967203
2020-04-14,551453038319
2020-04-15,551400055359
2020-04-16,552724896743
2020-04-17,551148283066
2020-04-20,552092865833
2020-04-21,552024405126
2020-04-22,552974194763
2020-04-23,552995180646
2020-04-24,550033499023
2020-04-27,549190163750
2020-04-28,546719357234
2020-04-29,543684772162
2020-04-30,540087048500
2020-05-06,546427698550
2020-05-07,548983059716
2020-05-08,550055155563
2020-05-11,553137209402
2020-05-12,554421178255
2020-05-13,554829513206
2020-05-14,555669875057
2020-05-15,555066959688
2020-05-18,556568601275
2020-05-19,558516802310
2020-05-20,558071029282
2020-05-21,557611667024
2020-05-22,556339825469
2020-05-25,556476814207
2020-05-26,557499732122
2020-05-27,557552127210
2020-05-28,556679561665
2020-05-29,555018097562
2020-06-01,559577690993
2020-06-02,560049208115
2020-06-03,560353938047
2020-06-04,562154767159
2020-06-05,562693813584
2020-06-08,564623246283
2020-06-09,565324951356
2020-06-10,566139309135
2020-06-11,567697168308
2020-06-12,567784675205
2020-06-15,569218261248
2020-06-16,571708480538
2020-06-17,572629011059
2020-06-18,574702654882
2020-06-19,574584041996
2020-06-22,579997002944
2020-06-23,582362137952
2020-06-24,578986495858
2020-06-29,583149719849
2020-06-30,588541166170
2020-07-01,593499380417
2020-07-02,599389899784
2020-07-03,606187612076
2020-07-06,627556881275
2020-07-07,640490679043
2020-07-08,657755813850
2020-07-09,669814955947
2020-07-10,678735135575
2020-07-13,693969954893
2020-07-14,700304768072
2020-07-15,703088755528
2020-07-16,701564857416
2020-07-17,696844708851
2020-07-20,701056904736
2020-07-21,701417603825
2020-07-22,704025960797
2020-07-23,708063785728
2020-07-24,700715314451
2020-07-27,703259741449
2020-07-28,703851065382
2020-07-29,709581445856
2020-07-30,712590778640
2020-07-31,715121775818
2020-08-03,725137948042
2020-08-04,725683475209
2020-08-05,732690221755
2020-08-06,734608599055
2020-08-07,729497666990
2020-08-10,732624432487
2020-08-11,729671717222
2020-08-12,726584281714
2020-08-13,726545298137
2020-08-14,723080350545
2020-08-17,732081513102
2020-08-18,737139287741
2020-08-19,738102277544
2020-08-20,736808467432
2020-08-21,735221001471
2020-08-24,736231596569
2020-08-25,734610783208
2020-08-26,731526000698
2020-08-27,731588258795
2020-08-28,732783678329
2020-08-31,737496841386
2020-09-01,738562557286
2020-09-02,741383469957
2020-09-03,740658070283
2020-09-04,738886120757
2020-09-07,737269953161
2020-09-08,736096993567
2020-09-09,733691061340
2020-09-10,729123226445
2020-09-11,728111760910
2020-09-14,729061180106
2020-09-15,729117519444
2020-09-16,728439717981
2020-09-17,730029382106
2020-09-18,731266023818
2020-09-21,730726552552
2020-09-22,731247489707
2020-09-23,732305245167
2020-09-24,732858922643
2020-09-25,730801783480
2020-09-28,728325003590
2020-09-29,726928420180
2020-09-30,718773947637
2020-10-09,722623954673
2020-10-12,726418414800
2020-10-13,729474250695
2020-10-14,731954188699
2020-10-15,731454593803
2020-10-16,730157187663
2020-10-19,731751610228
2020-10-20,732194798565
2020-10-21,732558183793
2020-10-22,733209692892
2020-10-23,728885246959
2020-10-26,728064512071
2020-10-27,728401575575
2020-10-28,729233081780
2020-10-29,730205468600
2020-10-30,726579583483
2020-11-02,726761818581
2020-11-03,728262128568
2020-11-04,729638305309
2020-11-05,731306759721
2020-11-06,730307648470
2020-11-09,736547030957
2020-11-10,736348759208
2020-11-11,735194222361
2020-11-12,735155468482
2020-11-13,735796686341
2020-11-16,738105266238
2020-11-17,738190820752
2020-11-18,738724749306
2020-11-19,737923991149
2020-11-20,737865462670
2020-11-23,742675022714
2020-11-24,745084788566
2020-11-25,746180978294
2020-11-26,744973294987
2020-11-27,743489604691
2020-11-30,747061399190
2020-12-01,749657391509
2020-12-02,752828422299
2020-12-03,753985375607
2020-12-04,754258913777
2020-12-07,756851607868
2020-12-08,757976387724
2020-12-09,754519180325
2020-12-10,755649047599
2020-12-11,753613864795
2020-12-14,755709036504
2020-12-15,756368148234
2020-12-16,757250182818
2020-12-17,758568721435
2020-12-18,759171142789
2020-12-21,763664230810
2020-12-22,764320464544
2020-12-23,766290955690
2020-12-24,765792112747
2020-12-25,767303833177
2020-12-28,769227904714
2020-12-29,766565014922
2020-12-30,768713795726
2020-12-31,768366961044
2021-01-04,780490219310
2021-01-05,786485232814
2021-01-06,789702817707
2021-01-07,792507228848
2021-01-08,792770084113
2021-01-11,793378564093
2021-01-12,799390393893
2021-01-13,802444845154
2021-01-14,802748756831
2021-01-15,801616826104
2021-01-18,805075741296
2021-01-19,807854268016
2021-01-20,811252474957
2021-01-21,815992756519
2021-01-22,815403994518
2021-01-25,819391832231
2021-01-26,816084569630
2021-01-27,816237694539
2021-01-28,814568038845
2021-01-29,808530764245
2021-02-01,807900109492
2021-02-02,807418158794
2021-02-03,807189978760
2021-02-04,802902827539
2021-02-05,798537947597
2021-02-08,796355371775
2021-02-09,796972031083
2021-02-10,787516930548
2021-02-18,798674299752
2021-02-19,802437603320
2021-02-22,810360452570
2021-02-23,808409083165
2021-02-24,809020164487
2021-02-25,809129415626
2021-02-26,806306694237
2021-03-01,810117759809
2021-03-02,811873629757
2021-03-03,812100512664
2021-03-04,809064212364
2021-03-05,806221304478
2021-03-08,806617415006
2021-03-09,802276032864
2021-03-10,799146556678
2021-03-11,800321367759
2021-03-12,798267706264
2021-03-15,800532718804
2021-03-16,798752178835
2021-03-17,799559077424
2021-03-18,797938882384
2021-03-19,797113296291
2021-03-22,799080919527
2021-03-23,797829780590
2021-03-24,797166421861
2021-03-25,794874768272
2021-03-26,794126530855
2021-03-29,795015266755
2021-03-30,795773068523
2021-03-31,797053733339
2021-04-01,795949098021
2021-04-02,794150731478
2021-04-06,796954365915
2021-04-07,799996518343
2021-04-08,800340627444
2021-04-09,799847556152
2021-04-12,799161820983
2021-04-13,796009150413
2021-04-14,796769159448
2021-04-15,796817584862
2021-04-16,796060470679
2021-04-19,798163983816
2021-04-20,799379211818
2021-04-21,800209654159
2021-04-22,801362797628
2021-04-23,798915127810
2021-04-26,800606899865
2021-04-27,799784841520
2021-04-28,801048423429
2021-04-29,799593299537
2021-04-30,793351750738
2021-05-06,797716392311
2021-05-07,797991832859
2021-05-10,801540647009
2021-05-11,802469810548
2021-05-12,804277321885
2021-05-13,805229017067
2021-05-14,804800999074
2021-05-17,807065819160
2021-05-18,808587241994
2021-05-19,810481964331
2021-05-20,811462296683
2021-05-21,810670237086
2021-05-24,813674545450
2021-05-25,814261003267
2021-05-26,816490842964
2021-05-27,820729295439
2021-05-28,821972013714
2021-05-31,827953586295
2021-06-01,832469753416
2021-06-02,833882640084
2021-06-03,834774042167
2021-06-04,833301157301
2021-06-07,837659288066
2021-06-08,838114869374
2021-06-09,838589270926
2021-06-10,840153205978
2021-06-11,837408440042
2021-06-15,841056218056
2021-06-16,839898644373
2021-06-17,842780416135
2021-06-18,845059995477
2021-06-21,848131601893
2021-06-22,851273356925
2021-06-23,851813694053
2021-06-24,852782054553
2021-06-25,852621255199
2021-06-28,858117612067
2021-06-29,860723220494
2021-06-30,862822810436
2021-07-01,857176520953
2021-07-02,856383116685
2021-07-05,859728229295
2021-07-06,859643243967
2021-07-07,863753184065
2021-07-08,866722341986
2021-07-09,866811908074
2021-07-12,872053294616
2021-07-13,874128252202
2021-07-14,872899264566
2021-07-15,872344914304
2021-07-16,871247201089
2021-07-19,872204634809
2021-07-20,872574217435
2021-07-21,876263677708
2021-07-22,881145142633
2021-07-23,881396553942
2021-07-26,884072314143
2021-07-27,881974200598
2021-07-28,875017626385
2021-07-29,877935876728
2021-07-30,875692505732
2021-08-02,880443503451
2021-08-03,879217994964
2021-08-04,881972881172
2021-08-05,882804292001
2021-08-06,884172429529
2021-08-09,887076996399
2021-08-10,887179157175
2021-08-11,889399169595
2021-08-12,893309284237
2021-08-13,891183785513
2021-08-16,890815556382
2021-08-17,885923828822
2021-08-18,887500266893
2021-08-19,884683739098
2021-08-20,882309838568
2021-08-23,890417780550
2021-08-24,893429651301
2021-08-25,895334183375
2021-08-26,898406898219
2021-08-27,894912847257
2021-08-30,899089666980
2021-08-31,899385982475
2021-09-01,901344977545
2021-09-02,902656833418
2021-09-03,900676269106
2021-09-06,906099410796
2021-09-07,910090394094
2021-09-08,916346887959
2021-09-09,922785428017
2021-09-10,923583113669
2021-09-13,930764129760
2021-09-14,931887499426
2021-09-15,933956191047
2021-09-16,928450655117
2021-09-17,918229550357
2021-09-22,922535888976
2021-09-23,926721903101
2021-09-24,921279018246
2021-09-27,914364873491
2021-09-28,912997702505
2021-09-29,906996167002
2021-09-30,896254829811
2021-10-08,901386226189
2021-10-11,902622940053
2021-10-12,900741231360
2021-10-13,898870170634
2021-10-14,898738267985
2021-10-15,895814114221
2021-10-18,901100271885
2021-10-19,902716530777
2021-10-20,905782630328
2021-10-21,906155333844
2021-10-22,903152283548
2021-10-25,905911108778
2021-10-26,908601388757
2021-10-27,910663397709
2021-10-28,906812813649
2021-10-29,903863548830
2021-11-01,904908107430
2021-11-02,902216238930
2021-11-03,900087292307
2021-11-04,902439884671
2021-11-05,895795759951
2021-11-08,896875925401
2021-11-09,898707817919
2021-11-10,899331842771
2021-11-11,899651946243
2021-11-12,896986190333
2021-11-15,897001566079
2021-11-16,895203793301
2021-11-17,896710208816
2021-11-18,897810789912
2021-11-19,896957362621
2021-11-22,902371955149
2021-11-23,904116936824
2021-11-24,904574071421
2021-11-25,905679295346
2021-11-26,904436858616
2021-11-29,906873810702
2021-11-30,908483085484
2021-12-01,910308466514
2021-12-02,908489878210
2021-12-03,907443980718
2021-12-06,907463353414
2021-12-07,906117771051
2021-12-08,907881320453
2021-12-09,908880092802
2021-12-10,910033221248
2021-12-13,913950078858
2021-12-14,915338431382
2021-12-15,917286307636
2021-12-16,916542583380
2021-12-17,912380095462
2021-12-20,911283958963
2021-12-21,910211617764
2021-12-22,910705749396
2021-12-23,910955003301
2021-12-24,905742911873
2021-12-27,907936630520
2021-12-28,909665874508
2021-12-29,908622510506
2021-12-30,908562701859
2021-12-31,903074844982
2022-01-04,906057651977
2022-01-05,904167215798
2022-01-06,904082746979
2022-01-07,895813442330
2022-01-10,896873723408
2022-01-11,896737126432
2022-01-12,898405575020
2022-01-13,897215444391
2022-01-14,895539506386
2022-01-17,896735334253
2022-01-18,895190092705
2022-01-19,892008945432
2022-01-20,886686826861
2022-01-21,881353735363
2022-01-24,879433636370
2022-01-25,875761757447
2022-01-26,872693075234
2022-01-27,868250393955
2022-01-28,854740314467
2022-02-07,855901800819
2022-02-08,854484927188
2022-02-09,854850368933
2022-02-10,853570690387
2022-02-11,849788559074
2022-02-14,852506500811
2022-02-15,853614767892
2022-02-16,853461937896
2022-02-17,853470424387
2022-02-18,851255690984
2022-02-21,854404344357
2022-02-22,856149573287
2022-02-23,859158753274
2022-02-24,859170791373
2022-02-25,857890092841
2022-02-28,858010482942
2022-03-01,858304931586
2022-03-02,859052842301
2022-03-03,858343094456
2022-03-04,856218564496
2022-03-07,859249648231
2022-03-08,859765307764
2022-03-09,856888363483
2022-03-10,855756680056
2022-03-11,853309031318
2022-03-14,854517735470
2022-03-15,848623434249
2022-03-16,846194275056
2022-03-17,843697373088
2022-03-18,837539032759
2022-03-21,840383540777
2022-03-22,840092127566
2022-03-23,840333260621
2022-03-24,839618088604
2022-03-25,837409442628
2022-03-28,836838011083
2022-03-29,835896947038
2022-03-30,837963805834
2022-03-31,834878658068
2022-04-01,829794726178
2022-04-06,833503942754
2022-04-07,831706002323
2022-04-08,828836634090
2022-04-11,825857374580
2022-04-12,824919866194
2022-04-13,823145306933
2022-04-14,822208340708
2022-04-15,818388672866
2022-04-18,818459315143
2022-04-19,818341922489
2022-04-20,818724649829
2022-04-21,814245491550
2022-04-22,808088418338
2022-04-25,798777756593
2022-04-26,785342465926
2022-04-27,779434455889
2022-04-28,774383614466
2022-04-29,768384978166
2022-05-05,770358757845
2022-05-06,770636270872
2022-05-09,772594360832
2022-05-10,773026055278
2022-05-11,775240016082
2022-05-12,775606280676
2022-05-13,774154774214
2022-05-16,775727439591
2022-05-17,775207185635
2022-05-18,776847783482
2022-05-19,777272455643
2022-05-20,775382706063
2022-05-23,778251389141
2022-05-24,776297399896
2022-05-25,776948782318
2022-05-26,776861193425
2022-05-27,773904370625
2022-05-30,775287251445
2022-05-31,775391474256
2022-06-01,775888801375
2022-06-02,774052689799
2022-06-06,779744766199
2022-06-07,782087338586
2022-06-08,782800121321
2022-06-09,783308464450
2022-06-10,782256232225
2022-06-13,788358540702
2022-06-14,790607292252
2022-06-15,793609922510
2022-06-16,795756728177
2022-06-17,793940350029
2022-06-20,798401593884
2022-06-21,796791144096
2022-06-22,799032181409
2022-06-23,799470136679
2022-06-24,799101774063
2022-06-27,804152526967
2022-06-28,808027652202
2022-06-29,807930379714
2022-06-30,810173314834
2022-07-01,807893323016
2022-07-04,811494011440
2022-07-05,813443887342
2022-07-06,815649145513
2022-07-07,816739788005
2022-07-08,815301810057
2022-07-11,815819236317
2022-07-12,814427103321
2022-07-13,814864156128
2022-07-14,816457913392
2022-07-15,814971261389
2022-07-18,816693870032
2022-07-19,818368021163
2022-07-20,819291476832
2022-07-21,820120344143
2022-07-22,819125924113
2022-07-25,818877487640
2022-07-26,818271843241
2022-07-27,819846008863
2022-07-28,820081385003
2022-07-29,818061069544
2022-08-01,818992456447
2022-08-02,813462510618
2022-08-03,812291833769
2022-08-04,813705139650
2022-08-05,813049843823
2022-08-08,814640869080
2022-08-09,816962196621
2022-08-10,818375102481
2022-08-11,818175734041
2022-08-12,815776022678
2022-08-15,817951632910
2022-08-16,819254198291
2022-08-17,820026080300
2022-08-18,821505494211
2022-08-19,818796898343
2022-08-22,819764989605
2022-08-23,821273324019
2022-08-24,818520354358
2022-08-25,816965812332
2022-08-26,813729709479
2022-08-29,814151763169
2022-08-30,812992456940
2022-08-31,807729362103
2022-09-01,805956223789
2022-09-02,804547309813
2022-09-05,804717543345
2022-09-06,803513344268
2022-09-07,804203104743
2022-09-08,802936935915
2022-09-09,797665884010
2022-09-13,799641281579
2022-09-14,799281463122
2022-09-15,796544742207
2022-09-16,793641670445
2022-09-19,791758426442
2022-09-20,792317272001
2022-09-21,792373742514
2022-09-22,791371965565
2022-09-23,787247836470
2022-09-26,785774425677
2022-09-27,785240104940
2022-09-28,781113221616
2022-09-29,778830915826
2022-09-30,770623751931
2022-10-10,771203514053
2022-10-11,770735102720
2022-10-12,771370482389
2022-10-13,772376809092
2022-10-14,772023311463
2022-10-17,773363951153
2022-10-18,773992838909
2022-10-19,775306396795
2022-10-20,776269929247
2022-10-21,773692767359
2022-10-24,774821459548
2022-10-25,773969828275
2022-10-26,775833466675
2022-10-27,774796204610
2022-10-28,768599549673
2022-10-31,768736970587
2022-11-01,769667966856
2022-11-02,770284229577
2022-11-03,772623348328
2022-11-04,772462692744
2022-11-07,775900520228
2022-11-08,777224082043
2022-11-09,777824824498
2022-11-10,777550981686
2022-11-11,773552787965
2022-11-14,773920229118
2022-11-15,775706762626
2022-11-16,775839406247
2022-11-17,777288642064
2022-11-18,774607255920
2022-11-21,777077218098
2022-11-22,776834636854
2022-11-23,777002601688
2022-11-24,776161135356
2022-11-25,772544316046
2022-11-28,772868801219
2022-11-29,773818172180
2022-11-30,771424149549
2022-12-01,773006882074
2022-12-02,772184356386
2022-12-05,776039754984
2022-12-06,776103539100
2022-12-07,777182938303
2022-12-08,777198575304
2022-12-09,776138478545
2022-12-12,779477957495
2022-12-13,778706150308
2022-12-14,777087007843
2022-12-15,777754941694
2022-12-16,774732973259
2022-12-19,773295688119
2022-12-20,773741005498
2022-12-21,772131190941
2022-12-22,770308253069
2022-12-23,767808102655
2022-12-26,769283179666
2022-12-27,768300105500
2022-12-28,766472799612
2022-12-29,766760403679
2022-12-30,762514201807
2023-01-03,764350187189
2023-01-04,764418863386
2023-01-05,764779384596
2023-01-06,763344296620
2023-01-09,764824244326
2023-01-10,764994925871
2023-01-11,763770671980
2023-01-12,762379933298
2023-01-13,759845686031
2023-01-16,760316664530
2023-01-17,758825329203
2023-01-18,756622347867
2023-01-19,755726974240
2023-01-20,747919975441
2023-01-30,758324039887
2023-01-31,761554614916
2023-02-01,765593071927
2023-02-02,767838008722
2023-02-03,768724731038
2023-02-06,771265612492
2023-02-07,773091617246
2023-02-08,773692157939
2023-02-09,773789184027
2023-02-10,772176553297
2023-02-13,775115514066
2023-02-14,776791296318
2023-02-15,778814595507
2023-02-16,777614732387
2023-02-17,775379729131
2023-02-20,777618595903
2023-02-21,778991977830
2023-02-22,780900121090
2023-02-23,781042560533
2023-02-24,780666428046
2023-02-27,780503115387
2023-02-28,780900136995
2023-03-01,781822473154
2023-03-02,781178829117
2023-03-03,780729766109
2023-03-06,783317669963
2023-03-07,782936967560
2023-03-08,784081753629
2023-03-09,785759082363
2023-03-10,783197568414
2023-03-13,783799930630
2023-03-14,786046973151
2023-03-15,786734165922
2023-03-16,787162950283
2023-03-17,786383574652
2023-03-20,787692438328
2023-03-21,788520782368
2023-03-22,789655461766
2023-03-23,791799900643
2023-03-24,792841223125
2023-03-27,796768269592
2023-03-28,797252237740
2023-03-29,796888526748
2023-03-30,797243830185
2023-03-31,795034645806
2023-04-03,798616296684
2023-04-04,798904170550
2023-04-06,803674047378
2023-04-07,802280042944
2023-04-10,801981114346
2023-04-11,801692525018
2023-04-12,804889674276
2023-04-13,803802923593
2023-04-14,802768804602
2023-04-17,804682524065
2023-04-18,804908546312
2023-04-19,805311386298
2023-04-20,807839232663
2023-04-21,804442630750
2023-04-24,805078300023
2023-04-25,801483664728
2023-04-26,798837650589
2023-04-27,796676029935
2023-04-28,791218147988
2023-05-04,795839338310
2023-05-05,793879016645
2023-05-08,798372769570
2023-05-09,800169991423
2023-05-10,801598265500
2023-05-11,801209857357
2023-05-12,798267472951
2023-05-15,799775256756
2023-05-16,798441709558
2023-05-17,799104757554
2023-05-18,800333234607
2023-05-19,798990859126
2023-05-22,797939206150
2023-05-23,797617811068
2023-05-24,798521240902
2023-05-25,798781795051
2023-05-26,796563903105
2023-05-29,796322875039
2023-05-30,796022808390
2023-05-31,796016352690
2023-06-01,796618537929
2023-06-02,793763018085
2023-06-05,794800775064
2023-06-06,793531616301
2023-06-07,792864051105
2023-06-08,791651918244
2023-06-09,789638708164
2023-06-12,791473411003
2023-06-13,790865774379
2023-06-14,790676904593
2023-06-15,790327545076
2023-06-16,788591168297
2023-06-19,789971120399
2023-06-20,791093597800
2023-06-21,787037186941
2023-06-26,787712188223
2023-06-27,787120957421
2023-06-28,786231800629
2023-06-29,786410667420
2023-06-30,783226088823
2023-07-03,783998849919
2023-07-04,783971478800
2023-07-05,784278132120
2023-07-06,784261635891
2023-07-07,782502584946
2023-07-10,783201237762
2023-07-11,782571583256
2023-07-12,781051055987
2023-07-13,779455604465
2023-07-14,778136066520
2023-07-17,779020474911
2023-07-18,778981466192
2023-07-19,779459367022
2023-07-20,777341748149
2023-07-21,775360683356
2023-07-24,774175758666
2023-07-25,773496328990
2023-07-26,773033707971
2023-07-27,772815264336
2023-07-28,771738791954
2023-07-31,776335930356
2023-08-01,777008041989
2023-08-02,779271737175
2023-08-03,780671615824
2023-08-04,781347963660
2023-08-07,783981992071
2023-08-08,784534538648
2023-08-09,783843970802
2023-08-10,783945120737
2023-08-11,781024673066
2023-08-14,781410434854
2023-08-15,781100855178
2023-08-16,780683965240
2023-08-17,781341249849
2023-08-18,779488941864
2023-08-21,780702810581
2023-08-22,780859067794
2023-08-23,779374566390
2023-08-24,778732166498
2023-08-25,774247931274
2023-08-28,777230010240
2023-08-29,779967475132
2023-08-30,780209182682
2023-08-31,779233172137
2023-09-01,776763712757
2023-09-04,779105502412
2023-09-05,780337204683
2023-09-06,781718041569
2023-09-07,780891295406
2023-09-08,779001626762
2023-09-11,790974243568
2023-09-12,794765813108
2023-09-13,797851219031
2023-09-14,798244489927
2023-09-15,799408861556
2023-09-18,801762703001
2023-09-19,801588926746
2023-09-20,801652657829
2023-09-21,802121565764
2023-09-22,801602446146
2023-09-25,802975697974
2023-09-26,802938147537
2023-09-27,803746732205
2023-09-28,795595784222
2023-10-09,801690693064
2023-10-10,804714607611
2023-10-11,805880232519
2023-10-12,807184297945
2023-10-13,806592107132
2023-10-16,808650956659
2023-10-17,808425392961
2023-10-18,808695220942
2023-10-19,811376046151
2023-10-20,811513004395
2023-10-23,812395870791
2023-10-24,812882427571
2023-10-25,812961564203
2023-10-26,812505287117
2023-10-27,810232952483
2023-10-30,814889500260
2023-10-31,815527162949
2023-11-01,817813626569
2023-11-02,815965385343
2023-11-03,813165051421
2023-11-06,819327277875
2023-11-07,821526092866
2023-11-08,824632593494
2023-11-09,825047825135
2023-11-10,825422662790
2023-11-13,827991882641
2023-11-14,830372804413
2023-11-15,832357807380
2023-11-16,832022057391
2023-11-17,831975601530
2023-11-20,835268167806
2023-11-21,834331560086
2023-11-22,834746932505
2023-11-23,834956462548
2023-11-24,832718672134
2023-11-27,833404572997
2023-11-28,833294508080
2023-11-29,833655196071
2023-11-30,832885252348
2023-12-01,832924455327
2023-12-04,834106455014
2023-12-05,834215113904
2023-12-06,834714468180
2023-12-07,836082635421
2023-12-08,834523805754
2023-12-11,835600321392
2023-12-12,836375013527
2023-12-13,837709803552
2023-12-14,837215537839
2023-12-15,837463560463
2023-12-18,836399914567
2023-12-19,836972616963
2023-12-20,834594703843
2023-12-21,834932767439
2023-12-22,831897728706
2023-12-25,831537266706
2023-12-26,830156676857
2023-12-27,830639021091
2023-12-28,832611883792
2023-12-29,828481994098
2024-01-02,831142083711
2024-01-03,830994385460
2024-01-04,832128138742
2024-01-05,828709528427
2024-01-08,828972334142
2024-01-09,826897619326
2024-01-10,825873985989
2024-01-11,826638502547
2024-01-12,823748027298
2024-01-15,824041494146
2024-01-16,822191705187
2024-01-17,822893295095
2024-01-18,819022418564
2024-01-19,815717641554
2024-01-22,809296563322
2024-01-23,807032444057
2024-01-24,805944834168
2024-01-25,807617147167
2024-01-26,804655756758
2024-01-29,804126169828
2024-01-30,800244506696
2024-01-31,792490224505
2024-02-01,786837967330
2024-02-02,773647722879
2024-02-05,755217822166
2024-02-06,748333302910
2024-02-07,742019354720
2024-02-08,732814563056
2024-02-19,740227803446
2024-02-20,742793395834
2024-02-21,745300060748
2024-02-22,747723231736
2024-02-23,749492807896
2024-02-26,754228891893
2024-02-27,759679567384
2024-02-28,761394539302
2024-02-29,763588251469
2024-03-01,763998784017
2024-03-04,767875774743
2024-03-05,765543467209
2024-03-06,767831575541
2024-03-07,767238154523
2024-03-08,767076407729
2024-03-11,771735920375
2024-03-12,775628762488
2024-03-13,779391222769
2024-03-14,780046280509
2024-03-15,778595728857
2024-03-18,785238788824
2024-03-19,788123561308
2024-03-20,791579255249
2024-03-21,794558886114
2024-03-22,792367700490
2024-03-25,791901990178
2024-03-26,791648382622
2024-03-27,790056026671
2024-03-28,791483877673
2024-03-29,788604704752
2024-04-01,791941850462
2024-04-02,792650902165
2024-04-03,789444473453
2024-04-08,792257829262
2024-04-09,792537585653
2024-04-10,791062513076
2024-04-11,790606930947
2024-04-12,789517214620
2024-04-15,788882659697
2024-04-16,786232639980
2024-04-17,788806155953
2024-04-18,790046778078
2024-04-19,787930724525
2024-04-22,787929072445
2024-04-23,786254233863
2024-04-24,785321617854
2024-04-25,784558673597
2024-04-26,783866647546
2024-04-29,787327315790
2024-04-30,779461836084
2024-05-06,787790499055
2024-05-07,789311964241
2024-05-08,790972569690
2024-05-09,791298030035
2024-05-10,790829373066
2024-05-13,792363204543
2024-05-14,793905998906
2024-05-15,793316171463
2024-05-16,794531737028
2024-05-17,791176970437
2024-05-20,791845812829
2024-05-21,792746660438
2024-05-22,793148030302
2024-05-23,792160302563
2024-05-24,789056561769
2024-05-27,788711455730
2024-05-28,788822130899
2024-05-29,788433019337
2024-05-30,788613622634
2024-05-31,786948396207
2024-06-03,786377890389
2024-06-04,784168558915
2024-06-05,783952108368
2024-06-06,782007095818
2024-06-07,778301107436
2024-06-11,781944510323
2024-06-12,782314849008
2024-06-13,782907000391
2024-06-14,780964504299
2024-06-17,782964014854
2024-06-18,784295044737
2024-06-19,783435205481
2024-06-20,781683922089
2024-06-21,778854571234
2024-06-24,776285059177
2024-06-25,772634470591
2024-06-26,772054530413
2024-06-27,770257844269
2024-06-28,766497289908
2024-07-01,765658553562
2024-07-02,765841762398
2024-07-03,765737695477
2024-07-04,762110030420
2024-07-05,759423798637
2024-07-08,756755681180
2024-07-09,756091803578
2024-07-10,754728176771
2024-07-11,754826838907
2024-07-12,751929369568
2024-07-15,750396440884
2024-07-16,749061682416
2024-07-17,746642183806
2024-07-18,744135145022
2024-07-19,740602433300
2024-07-22,742713939268
2024-07-23,741544599301
2024-07-24,739984379926
2024-07-25,740078516108
2024-07-26,738714451618
2024-07-29,739362322064
2024-07-30,739775335240
2024-07-31,741896882387
2024-08-01,742793992998
2024-08-02,741359830054
2024-08-05,739818172372
2024-08-06,740775446219
2024-08-07,740538204386
2024-08-08,740311931631
2024-08-09,739820558982
2024-08-12,739294913283
2024-08-13,739609113886
2024-08-14,739725384912
2024-08-15,738235739847
2024-08-16,736117355213
2024-08-19,735845825682
2024-08-20,735749560342
2024-08-21,735199955823
2024-08-22,732035606499
2024-08-23,729197010072
2024-08-26,729108878020
2024-08-27,727302602430
2024-08-28,726405581174
2024-08-29,727009320287
2024-08-30,727392495681
2024-09-02,728468088480
2024-09-03,728446866207
2024-09-04,728028796228
2024-09-05,727592617080
2024-09-06,725391397412
2024-09-09,725750772848
2024-09-10,725804249926
2024-09-11,724719503933
2024-09-12,723860499312
2024-09-13,719776282455
2024-09-18,719186405254
2024-09-19,720298592968
2024-09-20,718116339596
2024-09-23,717761015028
2024-09-24,717264509182
2024-09-25,715952976997
2024-09-26,716840036786
2024-09-27,722622172263
2024-09-30,750255842337
2024-10-08,805924955389
2024-10-09,824911948198
2024-10-10,826812806408
2024-10-11,823386486778
2024-10-14,826563737960
2024-10-15,827842917705
2024-10-16,826912817605
2024-10-17,828489901354
2024-10-18,836246672541
2024-10-21,846948646793
2024-10-22,851496247240
2024-10-23,854801769061
2024-10-24,858314485171
2024-10-25,859977091153
2024-10-28,866825658131
2024-10-29,867671497826
2024-10-30,871859506573
2024-10-31,876630728168
2024-11-01,873497765288
2024-11-04,879559251402
2024-11-05,890684772868
2024-11-06,902341939873
2024-11-07,915849059176
2024-11-08,924230512864
2024-11-11,942114058709
2024-11-12,944827518751
2024-11-13,948225611563
2024-11-14,945413470996
2024-11-15,942160415500
2024-11-18,941931413907
2024-11-19,943641325522
2024-11-20,945436591119
2024-11-21,946833680677
2024-11-22,942138257073
2024-11-25,942939649367
2024-11-26,941065222693
2024-11-27,942057449350
2024-11-28,943253754490
2024-11-29,945897197131
2024-12-02,949414897920
2024-12-03,949611483673
2024-12-04,949764176036
2024-12-05,952135960524
2024-12-06,951230708261
2024-12-09,951453513614
2024-12-10,956648446126
2024-12-11,959166669434
2024-12-12,961758282389
2024-12-13,957299883806
2024-12-16,956868983361
2024-12-17,954981038230
2024-12-18,955344734903
2024-12-19,956504384519
2024-12-20,959699763814
2024-12-23,956144920489
2024-12-24,956800015587
2024-12-25,955699365165
2024-12-26,956843753174
2024-12-27,955223986645
2024-12-30,956451973149
2024-12-31,949504401354
2025-01-02,948028697338
2025-01-03,940349502202
2025-01-06,936940484542
2025-01-07,936619486694
2025-01-08,934798277212
2025-01-09,934699072676
2025-01-10,931847072917
2025-01-13,931498491977
2025-01-14,934983756674
2025-01-15,935243523067
2025-01-16,935572524508
2025-01-17,931949689547
2025-01-20,931550947430
2025-01-21,931833618165
2025-01-22,932612094200
2025-01-23,929453719597
2025-01-24,923170752645
2025-01-27,906836932381
2025-02-05,917392767343
2025-02-06,923656820579
2025-02-07,928035285866
2025-02-10,936541604647
2025-02-11,939146823237
2025-02-12,941142844137
2025-02-13,940585522678
2025-02-14,941352939939
2025-02-17,949158718589
2025-02-18,945424585208
2025-02-19,950398196565
2025-02-20,953302647173
2025-02-21,956706096115
2025-02-24,960817195447
2025-02-25,963879747065
2025-02-26,968281688463
2025-02-27,967908224325
2025-02-28,960907206926
2025-03-03,959710302382
2025-03-04,959104687354
2025-03-05,959407691107
2025-03-06,965326732669
2025-03-07,961683902616
2025-03-10,965980054878
2025-03-11,965795797513
2025-03-12,970925278485
2025-03-13,968166630947
2025-03-14,967761631056
2025-03-17,971314793092
2025-03-18,974837417875
2025-03-19,974998389156
2025-03-20,976925908288
2025-03-21,971655569946
2025-03-24,969786080222
2025-03-25,968943026169
2025-03-26,969473222868
2025-03-27,968417545674
2025-03-28,967213232779
2025-03-31,967026910148
2025-04-01,964915147379
2025-04-02,963373933304
2025-04-03,958806215111
2025-04-07,939658581632
2025-04-08,921356014088
2025-04-09,919376233259
2025-04-10,920719496266
2025-04-11,918221823420
2025-04-14,922753835196
2025-04-15,922346969118
2025-04-16,919159004275
2025-04-17,916979946296
2025-04-18,913644906996
2025-04-21,916757890120
2025-04-22,914550232887
2025-04-23,914825452131
2025-04-24,913255772009
2025-04-25,909951876584
2025-04-28,910621691549
2025-04-29,910476190696
2025-04-30,902297294171
2025-05-06,908236842318
2025-05-07,911175339517
2025-05-08,911157862069
2025-05-09,909217878305
2025-05-12,909791926143
2025-05-13,909632087491
2025-05-14,909505314379
2025-05-15,908349137943
2025-05-16,907427084606
2025-05-19,909657468124
2025-05-20,909602494527
2025-05-21,908672788726
2025-05-22,907535824938
2025-05-23,905471558442
2025-05-26,907963207363
2025-05-27,910228044137
2025-05-28,909986392086
2025-05-29,908382726705
2025-05-30,905065691813
2025-06-03,906539733658
2025-06-04,907551168910
2025-06-05,909498147688
2025-06-06,907272972139
2025-06-09,911410866748
2025-06-10,912341653816
2025-06-11,913354209893
2025-06-12,915167037266
2025-06-13,912955300781
2025-06-16,916289694734
2025-06-17,919989046739
2025-06-18,920011904287
2025-06-19,915255863687
2025-06-20,911053174880
2025-06-23,913051422559
2025-06-24,914622047518
2025-06-25,916809346278
2025-06-26,920244377739
2025-06-27,921606906801
2025-06-30,925418708645
2025-07-01,926895132373
2025-07-02,928080643653
2025-07-03,928887433388
2025-07-04,925702841567
2025-07-07,928827818949
2025-07-08,931076466397
2025-07-09,932960493605
2025-07-10,935691412605
2025-07-11,937752116945
2025-07-14,942837358485
2025-07-15,945528632364
2025-07-16,950076970726
2025-07-17,952872205457
2025-07-18,952191948293
2025-07-21,959608797230
2025-07-22,969571695398
2025-07-23,970692921044
2025-07-24,973054656825
2025-07-25,978189855705
2025-07-28,989896449187
2025-07-29,1000835545965
2025-07-30,1001228435294
2025-07-31,1000962510610
2025-08-01,998672967968
2025-08-04,1005089414853
2025-08-05,1009444473177
2025-08-06,1013209625471
2025-08-07,1013801673272
2025-08-08,1012720239760
2025-08-11,1021792143441
2025-08-12,1025570739113
2025-08-13,1029063342369
2025-08-14,1033902792626
2025-08-15,1037756675565
2025-08-18,1057181453687
2025-08-19,1073793365520
2025-08-20,1081643142709
2025-08-21,1078533040383
2025-08-22,1084422264740
2025-08-25,1101191689087
2025-08-26,1111818503020
2025-08-27,1123366079378
2025-08-28,1132570872138
2025-08-29,1140926430398
2025-09-01,1160569079901
2025-09-02,1158103408143
2025-09-03,1157433653512
2025-09-04,1152873400598
2025-09-05,1155650042274
2025-09-08,1166259101553
2025-09-09,1171038610850
2025-09-10,1173348380718
2025-09-11,1176441846643
2025-09-12,1183985455849
2025-09-15,1193651838103
2025-09-16,1205855997868
2025-09-17,1209726836235
2025-09-18,1209224986941
2025-09-19,1207639982663
2025-09-22,1218337102598
2025-09-23,1216573602443
2025-09-24,1223547870961
2025-09-25,1230143924167
2025-09-26,1218854850267
2025-09-29,1223395169661
2025-09-30,1208617882705
2025-10-09,1233249540315
2025-10-10,1230684574757
2025-10-13,1233642293902
2025-10-14,1234622701292
2025-10-15,1236365992629
2025-10-16,1237780502057
2025-10-17,1224047953848
2025-10-20,1222028591866
2025-10-21,1228525092925
2025-10-22,1233014133480
2025-10-23,1232014143922
2025-10-24,1235000302822
2025-10-27,1246506855788
2025-10-28,1252496637936
2025-10-29,1257413401254
2025-10-30,1253578067034
2025-10-31,1249924363716
2025-11-03,1255284930321
2025-11-04,1254595845948
2025-11-05,1254887414434
2025-11-06,1261172891066
2025-11-07,1256749257881
2025-11-10,1259999647179
2025-11-11,1263197439228
2025-11-12,1260874320120
2025-11-13,1258607971942
2025-11-14,1253180360926
2025-11-17,1257015227419
2025-11-18,1260313161359
2025-11-19,1257008488721
2025-11-20,1251906950837
2025-11-21,1239681215625
2025-11-24,1239032782361
2025-11-25,1240398370695
2025-11-26,1242823709564
2025-11-27,1243317159526
2025-11-28,1243334608699
2025-12-01,1248616676210
2025-12-02,1248727375910
2025-12-03,1246989558940
2025-12-04,1247616304027
2025-12-05,1246300715403
2025-12-08,1254466290886
2025-12-09,1258550150923
2025-12-10,1258675029684
2025-12-11,1257022621848
2025-12-12,1252369646071
2025-12-15,1255499323207
2025-12-16,1261042135620
2025-12-17,1259774699017
2025-12-18,1255433608103
2025-12-19,1257616065098
2025-12-22,1263436859867
2025-12-23,1271201780307
2025-12-24,1275596245962
2025-12-25,1273352376369
2025-12-26,1271086234902
2025-12-29,1273965468535
2025-12-30,1278285296119
2025-12-31,1268796062622
2026-01-05,1277035784652
2026-01-06,1285898834239
2026-01-07,1298214640818
2026-01-08,1306006162278
2026-01-09,1309333101994
2026-01-12,1327919906814
2026-01-13,1331269993389
2026-01-14,1339530229868
2026-01-15,1348708301293
2026-01-16,1361765598205
2026-01-19,1360663928801
2026-01-20,1352775686018
2026-01-21,1362861930351
2026-01-22,1365143170716
2026-01-23,1365416506544
2026-01-26,1366798503378
2026-01-27,1365540768782
2026-01-28,1379075454676
2026-01-29,1376413497488
2026-01-30,1362922122502
2026-02-02,1361751136143
2026-02-03,1357388113443
2026-02-04,1348431797776
2026-02-05,1343476557854
2026-02-06,1335857650715
2026-02-09,1336256730195
2026-02-10,1334739401256
2026-02-11,1325946405377
2026-02-12,1330447990665
2026-02-13,1300667234815
2026-02-24,1316886917013
2026-02-25,1330832293401
2026-02-26,1339956696186
2026-02-27,1340872565672
2026-03-02,1343687049267
2026-03-03,1333864385539
2026-03-04,1331597450973
2026-03-05,1334400290251
2026-03-06,1331227236116
2026-03-09,1333276798688
2026-03-10,1336711949377
2026-03-11,1335979974200
2026-03-12,1339424529438
2026-03-13,1335165438835
2026-03-16,1340247410984
2026-03-17,1336356085559
2026-03-18,1337849683232
2026-03-19,1336809203768
2026-03-20,1328720086554
2026-03-23,1323794188127
2026-03-24,1321896000206
2026-03-25,1321758624861
2026-03-26,1321369177440
2026-03-27,1315693648745
2026-03-30,1319468230266
2026-03-31,1316614258911
2026-04-01,1316447409207
2026-04-02,1311104175276
2026-04-03,1302837239635
2026-04-07,1303437424328
2026-04-08,1310046005809
2026-04-09,1312993564374
2026-04-10,1315660195826
2026-04-13,1323553612731
2026-04-14,1331246622231
2026-04-15,1335974887351
2026-04-16,1340806749213
2026-04-17,1341425419759
2026-04-20,1355630173016
2026-04-21,1358906781144
2026-04-22,1366574275528
2026-04-23,1367612094993
2026-04-24,1364539928838
2026-04-27,1373866597092
2026-04-28,1373440361754
2026-04-29,1378454050849
2026-04-30,1370928661457
2026-05-06,1393527726696
2026-05-07,1409189855541
2026-05-08,1416687834289
2026-05-11,1432551019603
2026-05-12,1440756886236
2026-05-13,1452354118052
2026-05-14,1456219229613
2026-05-15,1452319161694
2026-05-18,1462277198387
2026-05-19,1465278698973
2026-05-20,1470302212115
2026-05-21,1467527516709
2026-05-22,1468801309416
2026-05-25,1480857012649
2026-05-26,1484678273574
2026-05-27,1486005873872
2026-05-28,1489552701297
2026-05-29,1472246436880
2026-06-01,1468189116504
2026-06-02,1469024532904
2026-06-03,1474244276164
2026-06-04,1476743330571
2026-06-05,1465446567832
2026-06-08,1453703702150
2026-06-09,1452222353096
2026-06-10,1447857826630
2026-06-11,1448246655510
2026-06-12,1448895770788
2026-06-15,1461767264864
2026-06-16,1473688751456
2026-06-17,1488211916696
2026-06-18,1495185799372
2026-06-22,1505558433764
2026-06-23,1504565483004
2026-06-24,1510274044181
2026-06-25,1521114083765
2026-06-26,1513064112108
2026-06-29,1505221517345
2026-06-30,1516908428874
2026-07-01,1519687927976
2026-07-02,1514964123028
2026-07-03,1501764189120
