run_mode,lookback,rebalance_interval,status,strategy_return_pct,benchmark_return_pct,alpha,beta,sharpe,max_drawdown_pct,cagr_pct,benchmark_cagr_pct,annualized_excess_pct,calmar,positive_annualized_excess,calmar_ge_0_3,step04_numeric_gate,image_file,source_note
momentum,252,20,complete,27.05,47.47,-0.02,0.67,0.01,43.7,4.070852368150701,6.688419150117952,-2.617566781967251,0.09315451643365448,False,False,False,codex-clipboard-46333042-d0da-4200-a0e9-99b1f9aa7ccc.png,早期截图OCR；参数由代码区或红色标注复核
momentum,252,10,complete,26.06,47.47,-0.02,0.67,0.0,43.74,3.9352544945252754,6.688419150117952,-2.753164655592677,0.0899692385579624,False,False,False,codex-clipboard-5ba8df97-dc92-4007-8dc5-4e29c6a1d791.png,早期截图OCR；参数由代码区或红色标注复核
momentum,252,5,complete,42.26,47.47,0.0,0.67,0.1,43.71,6.050763795736636,6.688419150117952,-0.6376553543813168,0.1384297368047732,False,False,False,codex-clipboard-904aba51-1395-42f7-b0b3-58ba96828caa.png,早期截图OCR；参数由代码区或红色标注复核
momentum,252,1,complete,24.91,47.47,-0.02,0.65,-0.01,43.7,3.7766231277828632,6.688419150117952,-2.911796022335089,0.08642158187146139,False,False,False,codex-clipboard-50666caa-800e-4563-a9a6-f5928d72820d.png,早期截图OCR；参数由代码区或红色标注复核
momentum,126,20,complete,17.6,47.47,-0.03,0.52,-0.06,43.7,2.7388153319287234,6.688419150117952,-3.949603818189229,0.0626731197237694,False,False,False,codex-clipboard-4b7994b8-d937-4e65-8904-c9e3a5439950.png,早期截图OCR；参数由代码区或红色标注复核
momentum,126,10,complete,26.85,47.47,-0.01,0.56,0.01,43.74,4.043530007086793,6.688419150117952,-2.6448891430311594,0.09244467323015072,False,False,False,codex-clipboard-7d998369-9151-44ac-a58c-4b063b603fa6.png,早期截图OCR；参数由代码区或红色标注复核
momentum,126,5,complete,12.44,47.47,-0.03,0.51,-0.1,50.57,1.9733780114163935,6.688419150117952,-4.715041138701559,0.03902270143200303,False,False,False,Snipaste_2026-07-16_00-14-45.png,补图替换原运行中截图
momentum,126,1,complete,-21.84,47.47,-0.1,0.53,-0.4,53.47,-4.02368045698609,6.688419150117952,-10.712099607104042,-0.0752511774263342,False,False,False,codex-clipboard-53343ddc-7aba-4cdc-acf2-050b2e85db31.png,早期截图OCR；参数由代码区或红色标注复核
momentum,63,20,complete,37.27,47.47,0.0,0.5,0.08,41.95,5.421519651526907,6.688419150117952,-1.2668994985910453,0.12923765557871053,False,False,False,codex-clipboard-f3c2bad4-d590-43ef-8439-77869a418466.png,早期截图OCR；参数由代码区或红色标注复核
momentum,63,10,complete,56.63,47.47,0.03,0.48,0.2,34.7,7.765353531571728,6.688419150117952,1.0769343814537757,0.2237854043680613,True,False,False,codex-clipboard-b9924b49-d7b3-4ff2-b0a3-6b4ef82fd77f.png,早期截图OCR；参数由代码区或红色标注复核
momentum,63,5,complete,47.09,47.47,0.01,0.47,0.14,43.69,6.642550842405126,6.688419150117952,-0.04586830771282635,0.15203824313126862,False,False,False,Snipaste_2026-07-16_00-16-05.png,补图替换原运行中截图
momentum,63,1,complete,85.11,47.47,0.06,0.44,0.37,26.27,10.808135364525494,6.688419150117952,4.119716214407543,0.41142502339267206,True,True,True,codex-clipboard-ee140636-28e2-409f-b314-a2fa1966491b.png,早期截图OCR；参数由代码区或红色标注复核
momentum,31,20,complete,64.77,47.47,0.04,0.41,0.28,21.9,8.67918100257732,6.688419150117952,1.9907618524593662,0.39630963482088216,True,True,False,codex-clipboard-0dacdd9c-5dee-4835-ae1e-59bb556d9c1d.png,早期截图OCR；参数由代码区或红色标注复核
momentum,31,10,complete,40.51,47.47,0.01,0.42,0.11,23.91,5.832211727679804,6.688419150117952,-0.8562074224381488,0.24392353524382282,False,False,False,codex-clipboard-17e6add0-01bb-481b-8008-25e98fe6ef9b.png,早期截图OCR；参数由代码区或红色标注复核
momentum,31,5,complete,24.76,47.47,-0.02,0.48,-0.01,37.54,3.755842448300739,6.688419150117952,-2.9325767018172133,0.10004907960310973,False,False,False,codex-clipboard-890a9925-ed84-409f-aaa4-c7e613663db1.png,早期截图OCR；参数由代码区或红色标注复核
momentum,31,1,complete,15.24,47.47,-0.03,0.41,-0.09,28.8,2.392278725667274,6.688419150117952,-4.2961404244506785,0.08306523353011366,False,False,False,codex-clipboard-edb5ad80-29be-47a8-8b47-6c89d53074f3.png,早期截图OCR；参数由代码区或红色标注复核
momentum,14,20,complete,14.09,47.47,-0.03,0.52,-0.09,50.87,2.221267885249878,6.688419150117952,-4.4671512648680745,0.043665576670923495,False,False,False,codex-clipboard-d140e4c4-5522-4409-b282-e613b528d6e3.png,早期截图OCR；参数由代码区或红色标注复核
momentum,14,10,complete,34.39,47.47,0.0,0.36,0.07,36.12,5.049621588755193,6.688419150117952,-1.6387975613627592,0.13980126214715374,False,False,False,codex-clipboard-815e359f-f029-4ff4-902c-95859039bf8a.png,早期截图OCR；参数由代码区或红色标注复核
momentum,14,5,complete,8.63,47.47,-0.04,0.43,-0.14,39.95,1.389184499838203,6.688419150117952,-5.299234650279749,0.03477307884451071,False,False,False,codex-clipboard-019170ab-6c8a-4675-8d63-7720ce47c195.png,早期截图OCR；参数由代码区或红色标注复核
momentum,14,1,complete,-0.74,47.47,-0.05,0.37,-0.23,43.61,-0.12371533987727279,6.688419150117952,-6.812134489995225,-0.002836857140042944,False,False,False,codex-clipboard-37c45808-6741-41ae-aad1-0a3927e6cd5f.png,早期截图OCR；参数由代码区或红色标注复核
m1_absolute,252,20,complete,27.05,47.47,-0.02,0.67,0.01,43.7,4.070852368150701,6.688419150117952,-2.617566781967251,0.09315451643365448,False,False,False,codex-clipboard-203be421-a4d0-4185-9826-43f36bd37da9.png,早期截图OCR；参数由代码区或红色标注复核
m1_absolute,252,10,complete,26.06,47.47,-0.02,0.67,0.0,43.74,3.9352544945252754,6.688419150117952,-2.753164655592677,0.0899692385579624,False,False,False,codex-clipboard-c0a31abd-48f2-4d56-b226-001365b99e03.png,早期截图OCR；参数由代码区或红色标注复核
m1_absolute,252,5,complete,42.26,47.47,0.0,0.67,0.1,43.71,6.050763795736636,6.688419150117952,-0.6376553543813168,0.1384297368047732,False,False,False,codex-clipboard-b980754f-8a29-4ab8-9dce-a211a8007dc9.png,早期截图OCR；参数由代码区或红色标注复核
m1_absolute,252,1,complete,24.91,47.47,-0.02,0.65,-0.01,43.7,3.7766231277828632,6.688419150117952,-2.911796022335089,0.08642158187146139,False,False,False,codex-clipboard-c5309318-4c3a-4de6-bbef-9ac54244dfa8.png,早期截图OCR；参数由代码区或红色标注复核
m1_absolute,126,20,complete,17.6,47.47,-0.03,0.52,-0.06,43.7,2.7388153319287234,6.688419150117952,-3.949603818189229,0.0626731197237694,False,False,False,codex-clipboard-91245d6c-ad22-44d8-9952-eb9c3658a4da.png,早期截图OCR；参数由代码区或红色标注复核
m1_absolute,126,10,complete,26.85,47.47,-0.01,0.56,0.01,43.74,4.043530007086793,6.688419150117952,-2.6448891430311594,0.09244467323015072,False,False,False,codex-clipboard-3c0b8088-5233-4be7-a8e1-765e9330c400.png,早期截图OCR；参数由代码区或红色标注复核
m1_absolute,126,5,complete,12.44,47.47,-0.03,0.51,-0.1,50.57,1.9733780114163935,6.688419150117952,-4.715041138701559,0.03902270143200303,False,False,False,codex-clipboard-9a07b88f-0ebf-4bc8-9df0-64a1e0f49350.png,早期截图OCR；参数由代码区或红色标注复核
m1_absolute,126,1,complete,-21.84,47.47,-0.1,0.53,-0.4,53.47,-4.02368045698609,6.688419150117952,-10.712099607104042,-0.0752511774263342,False,False,False,codex-clipboard-cb2224dc-d65f-492d-8f73-c7d613370ec4.png,早期截图OCR；参数由代码区或红色标注复核
m1_absolute,63,20,complete,37.27,47.47,0.0,0.5,0.08,41.95,5.421519651526907,6.688419150117952,-1.2668994985910453,0.12923765557871053,False,False,False,codex-clipboard-e8d40da6-b2c5-43d4-b4b7-005906aee2c2.png,早期截图OCR；参数由代码区或红色标注复核
m1_absolute,63,10,complete,56.63,47.47,0.03,0.48,0.2,34.7,7.765353531571728,6.688419150117952,1.0769343814537757,0.2237854043680613,True,False,False,codex-clipboard-4c30d83b-add8-4671-b412-972ae46dac17.png,早期截图OCR；参数由代码区或红色标注复核
m1_absolute,63,5,complete,47.09,47.47,0.01,0.47,0.14,43.69,6.642550842405126,6.688419150117952,-0.04586830771282635,0.15203824313126862,False,False,False,codex-clipboard-66ba51f6-5ff5-4ff4-856d-a74c6b033762.png,早期截图OCR；参数由代码区或红色标注复核
m1_absolute,63,1,complete,85.11,47.47,0.06,0.44,0.37,26.27,10.808135364525494,6.688419150117952,4.119716214407543,0.41142502339267206,True,True,True,codex-clipboard-f6da8a85-3694-471c-8243-554a1e4da8a1.png,早期截图OCR；参数由代码区或红色标注复核
m1_absolute,31,20,complete,-64.77,47.47,0.04,0.41,0.28,21.9,-15.960116725416773,6.688419150117952,-22.648535875534726,-0.7287724532153779,False,False,False,codex-clipboard-5322105c-b4c4-44e8-b7dd-5bd4fa9832c0.png,早期截图OCR；参数由代码区或红色标注复核
m1_absolute,31,10,complete,40.51,47.47,0.01,0.42,0.11,23.91,5.832211727679804,6.688419150117952,-0.8562074224381488,0.24392353524382282,False,False,False,Snipaste_2026-07-16_00-07-30.png,补图替换原运行中截图
m1_absolute,31,5,complete,24.76,47.47,-0.02,0.48,-0.01,37.54,3.755842448300739,6.688419150117952,-2.9325767018172133,0.10004907960310973,False,False,False,codex-clipboard-3736798b-ace1-469f-b432-da903969ac2d.png,早期截图OCR；参数由代码区或红色标注复核
m1_absolute,31,1,complete,-15.24,47.47,-0.03,0.41,-0.09,28.8,-2.7181491649982847,6.688419150117952,-9.406568315116237,-0.09438017934021821,False,False,False,codex-clipboard-5c0f621d-2c08-4f55-afe2-c5d8db71aba8.png,早期截图OCR；参数由代码区或红色标注复核
m1_absolute,14,20,complete,14.09,47.47,-0.03,0.52,-0.09,50.87,2.221267885249878,6.688419150117952,-4.4671512648680745,0.043665576670923495,False,False,False,codex-clipboard-a9b1d37d-a5be-4b4d-96a9-5e68ea486fea.png,早期截图OCR；参数由代码区或红色标注复核
m1_absolute,14,10,complete,34.39,47.47,0.0,0.36,0.07,36.12,5.049621588755193,6.688419150117952,-1.6387975613627592,0.13980126214715374,False,False,False,codex-clipboard-5f78c500-ad95-480b-a671-b3a57e76ca11.png,早期截图OCR；参数由代码区或红色标注复核
m1_absolute,14,5,complete,8.63,47.47,-0.04,0.43,-0.14,39.95,1.389184499838203,6.688419150117952,-5.299234650279749,0.03477307884451071,False,False,False,codex-clipboard-35fbab6d-65ea-412d-9dd4-189ea244e2fa.png,早期截图OCR；参数由代码区或红色标注复核
m1_absolute,14,1,complete,-0.74,47.47,-0.05,0.37,-0.23,43.61,-0.12371533987727279,6.688419150117952,-6.812134489995225,-0.002836857140042944,False,False,False,codex-clipboard-0e0c90d8-c91b-4c2c-804e-4a0512d5b97d.png,早期截图OCR；参数由代码区或红色标注复核
m2_recent_confirm,252,20,complete,65.16,47.47,0.04,0.36,0.29,28.43,8.722011554255227,6.688419150117952,2.0335924041372744,0.3067890099984251,True,True,False,codex-clipboard-96ef0e2e-9c2c-4aa2-84b2-fbc17b3075a7.png,早期截图OCR；参数由代码区或红色标注复核
m2_recent_confirm,252,10,complete,50.74,47.47,0.02,0.36,0.19,27.85,7.079109748484513,6.688419150117952,0.39069059836656095,0.25418706457754087,True,False,False,codex-clipboard-9b3fcc59-04dd-4b07-b40d-3534e5627806.png,早期截图OCR；参数由代码区或红色标注复核
m2_recent_confirm,252,5,complete,38.02,47.47,0.01,0.36,0.1,25.65,5.517300158993299,6.688419150117952,-1.1711189911246533,0.21509942140324753,False,False,False,codex-clipboard-8feb44e9-5c7e-41e5-9d08-5fcf68a694f5.png,早期截图OCR；参数由代码区或红色标注复核
m2_recent_confirm,252,1,complete,33.6,47.47,0.0,0.31,0.07,24.55,4.946447737761495,6.688419150117952,-1.7419714123564578,0.20148463290270854,False,False,False,codex-clipboard-9ac1a581-f3d5-4e67-9488-aa80c6aeacde.png,早期截图OCR；参数由代码区或红色标注复核
m2_recent_confirm,126,20,complete,46.85,47.47,0.02,0.28,0.18,21.33,6.613530480780749,6.688419150117952,-0.07488866933720306,0.31005768780031645,False,True,False,codex-clipboard-c87a39b8-9201-4c26-bd36-9ccf157c4a06.png,早期截图OCR；参数由代码区或红色标注复核
m2_recent_confirm,126,10,complete,37.06,47.47,0.01,0.3,0.1,25.28,5.394622970912288,6.688419150117952,-1.293796179205664,0.2133948960012772,False,False,False,codex-clipboard-fa085a3f-ae3a-4885-8db0-298fb0fdd583.png,早期截图OCR；参数由代码区或红色标注复核
m2_recent_confirm,126,5,complete,52.5,47.47,0.03,0.25,0.23,17.93,7.286474402954135,6.688419150117952,0.5980552528361827,0.4063845177330806,True,True,True,codex-clipboard-15ba703d-89b1-4d64-a9c8-6e25c4184a0b.png,早期截图OCR；参数由代码区或红色标注复核
m2_recent_confirm,126,1,complete,12.6,47.47,-0.03,0.27,-0.13,30.38,1.9975480504584864,6.688419150117952,-4.690871099659466,0.06575207539363023,False,False,False,codex-clipboard-d649e429-be2f-4713-9e38-7903c0107944.png,早期截图OCR；参数由代码区或红色标注复核
m2_recent_confirm,63,20,complete,-18.83,47.47,-0.08,0.3,-0.5,53.79,-3.4173187725469623,6.688419150117952,-10.105737922664915,-0.06353074498135271,False,False,False,Snipaste_2026-07-16_00-37-10.png,补图替换原运行中截图
m2_recent_confirm,63,10,complete,-1.97,47.47,-0.05,0.21,-0.32,36.17,-0.3310613081196512,6.688419150117952,-7.019480458237604,-0.009152925300515653,False,False,False,codex-clipboard-3e4e7cea-60e8-46f2-8329-9e3dadf5861f.png,早期截图OCR；参数由代码区或红色标注复核
m2_recent_confirm,63,5,complete,39.85,47.47,0.01,0.25,0.13,18.12,5.749197043828969,6.688419150117952,-0.9392221062889838,0.31728460506782385,False,True,False,codex-clipboard-10366f4f-cc36-469f-8c9e-06b7c6b73e55.png,早期截图OCR；参数由代码区或红色标注复核
m2_recent_confirm,63,1,complete,66.24,47.47,0.04,0.23,0.35,16.59,8.840180924902352,6.688419150117952,2.1517617747844,0.5328620207897741,True,True,True,codex-clipboard-aad060c7-7b81-43e5-893b-d98b8d5d3009.png,早期截图OCR；参数由代码区或红色标注复核
m2_recent_confirm,31,20,complete,61.29,47.47,0.04,0.22,0.34,16.02,8.29321328319994,6.688419150117952,1.6047941330819882,0.5176787317852647,True,True,True,codex-clipboard-3ff2ec1e-1d82-44ad-a7ac-471b96f2ceea.png,早期截图OCR；参数由代码区或红色标注复核
m2_recent_confirm,31,10,complete,74.02,47.47,0.05,0.17,0.49,16.35,9.6730346921446,6.688419150117952,2.9846155420266474,0.59162291695074,True,True,True,codex-clipboard-6b76ff3d-fec3-4480-9fb8-d55473fcd3e2.png,早期截图OCR；参数由代码区或红色标注复核
m2_recent_confirm,31,5,complete,46.4,47.47,0.02,0.22,0.2,19.3,6.559010607695037,6.688419150117952,-0.12940854242291522,0.33984510920699673,False,True,False,codex-clipboard-e85bc257-4783-44ec-a7df-3a4ac656c872.png,早期截图OCR；参数由代码区或红色标注复核
m2_recent_confirm,31,1,complete,8.2,47.47,-0.03,0.2,-0.2,22.86,1.3221842387646676,6.688419150117952,-5.366234911353285,0.057838330654622384,False,False,False,codex-clipboard-1ce5eab2-7baf-492b-9eab-52b3dc4aea32.png,早期截图OCR；参数由代码区或红色标注复核
m2_recent_confirm,14,20,complete,-0.02,47.47,-0.05,13.71,-0.23,39.06,-0.003333611145062143,6.688419150117952,-6.6917527612630145,-8.534590745166777e-05,False,False,False,codex-clipboard-4473f53a-c876-4133-8127-6a8683563bc3.png,早期截图OCR；参数由代码区或红色标注复核
m2_recent_confirm,14,10,complete,77.57,47.47,0.06,0.21,0.48,18.45,10.042791584653044,6.688419150117952,3.354372434535091,0.5443247471356664,True,True,True,codex-clipboard-5d2e8140-2f34-42da-b056-20f21230367c.png,早期截图OCR；参数由代码区或红色标注复核
m2_recent_confirm,14,5,complete,28.25,47.47,0.0,0.24,0.03,19.11,4.234037939449564,6.688419150117952,-2.454381210668388,0.22156137830714623,False,False,False,codex-clipboard-2f4b7fc1-8b6c-4a07-b684-81e71bbb7bee.png,早期截图OCR；参数由代码区或红色标注复核
m2_recent_confirm,14,1,complete,-31.16,47.47,-0.11,0.22,-0.73,45.23,-6.033407808589287,6.688419150117952,-12.721826958707238,-0.13339393784190332,False,False,False,codex-clipboard-f1983a8c-57dd-4580-87af-78d4c2070f0a.png,早期截图OCR；参数由代码区或红色标注复核
m2_ranked_recent,252,20,complete,72.34,47.47,0.05,0.37,0.33,28.2,9.49585558031476,6.688419150117952,2.807436430196808,0.33673246738704826,True,True,False,codex-clipboard-b0bd3550-60a0-4ebc-8167-d4ff2b9505c3.png,早期截图OCR；参数由代码区或红色标注复核
m2_ranked_recent,252,10,complete,57.89,47.47,0.03,0.37,0.24,27.59,7.9093568532879965,6.688419150117952,1.2209377031700441,0.2866747681510691,True,False,False,codex-clipboard-e01df42d-03e0-48c4-bcdf-92a3baf2989a.png,早期截图OCR；参数由代码区或红色标注复核
m2_ranked_recent,252,5,complete,42.09,47.47,0.01,0.36,0.12,25.18,6.029631581100747,6.688419150117952,-0.6587875690172051,0.23946114301432672,False,False,False,codex-clipboard-0274769d-7a79-4f74-bcca-f2ade1d9f4d7.png,早期截图OCR；参数由代码区或红色标注复核
m2_ranked_recent,252,1,complete,39.87,47.47,0.01,0.32,0.11,24.31,5.7517174322510245,6.688419150117952,-0.9367017178669279,0.23659882485606848,False,False,False,codex-clipboard-cf89674f-80de-47d8-a703-e9b9569fcb26.png,早期截图OCR；参数由代码区或红色标注复核
m2_ranked_recent,126,20,complete,48.51,47.47,0.02,0.28,0.19,21.28,6.813451716582919,6.688419150117952,0.12503256646496652,0.3201810017191221,True,True,False,codex-clipboard-c3fa06c1-e0dc-4c74-94d6-682edae9258e.png,早期截图OCR；参数由代码区或红色标注复核
m2_ranked_recent,126,10,complete,77.36,47.47,0.05,0.32,0.39,22.07,10.021090864061621,6.688419150117952,3.332671713943669,0.4540593957436167,True,True,True,codex-clipboard-ccad9e4e-e321-4bdf-b541-365f0dc0838d.png,早期截图OCR；参数由代码区或红色标注复核
m2_ranked_recent,126,5,complete,63.56,47.47,0.04,0.25,0.31,17.83,8.545756637134527,6.688419150117952,1.8573374870165749,0.4792908938381676,True,True,True,codex-clipboard-04b37002-9697-4475-9146-0735136bf659.png,早期截图OCR；参数由代码区或红色标注复核
m2_ranked_recent,126,1,complete,23.61,47.47,-0.01,0.27,-0.02,29.77,3.5958284381193417,6.688419150117952,-3.0925907119986107,0.12078698146185225,False,False,False,codex-clipboard-36b306a3-4ba5-4e54-acc5-dd0d292e02cb.png,早期截图OCR；参数由代码区或红色标注复核
m2_ranked_recent,63,20,complete,-26.44,47.47,-0.1,0.3,-0.59,54.4,-4.9890588521747326,6.688419150117952,-11.677478002292684,-0.0917106406649767,False,False,False,codex-clipboard-c0459868-d40a-4a6d-8132-4053c1cc2d86.png,早期截图OCR；参数由代码区或红色标注复核
m2_ranked_recent,63,10,complete,1.96,47.47,-0.04,0.23,-0.26,41.15,0.3240304058722554,6.688419150117952,-6.364388744245697,0.00787437195315323,False,False,False,codex-clipboard-13d4911c-5460-41a2-8a30-a326281c5143.png,早期截图OCR；参数由代码区或红色标注复核
m2_ranked_recent,63,5,complete,27.72,47.47,0.0,0.25,0.02,22.87,4.162121882774938,6.688419150117952,-2.526297267343014,0.1819904627361145,False,False,False,codex-clipboard-384af1f2-bc9c-4df5-9b41-f4314c855e25.png,早期截图OCR；参数由代码区或红色标注复核
m2_ranked_recent,63,1,complete,64.1,47.47,0.04,0.23,0.33,19.09,8.60540267736145,6.688419150117952,1.9169835272434987,0.4507806536072002,True,True,True,codex-clipboard-bdee717c-6bd9-4489-87b7-7f3b17f97073.png,早期截图OCR；参数由代码区或红色标注复核
m2_ranked_recent,31,20,complete,60.84,47.47,0.04,0.22,0.33,18.76,8.242798198818413,6.688419150117952,1.5543790487004605,0.4393815671011947,True,True,True,codex-clipboard-cc3dd8d2-4da5-4a31-a219-8faee75d2316.png,早期截图OCR；参数由代码区或红色标注复核
m2_ranked_recent,31,10,complete,92.76,47.47,0.07,0.16,0.62,16.32,11.558539413177904,6.688419150117952,4.870120263059952,0.7082438365917832,True,True,True,codex-clipboard-b08d469a-6cd8-4e50-82ba-a17a795b7745.png,早期截图OCR；参数由代码区或红色标注复核
m2_ranked_recent,31,5,complete,41.12,47.47,0.01,0.23,0.15,21.84,5.908648968857899,6.688419150117952,-0.7797701812600533,0.27054253520411625,False,False,False,codex-clipboard-91436f65-2fc1-4d71-82ef-4655fe76da60.png,早期截图OCR；参数由代码区或红色标注复核
m2_ranked_recent,31,1,complete,10.61,47.47,-0.03,0.21,-0.16,20.98,1.6948746614959598,6.688419150117952,-4.993544488621993,0.08078525555271496,False,False,False,codex-clipboard-9d917b4f-c139-4a95-91f6-d47870a1c377.png,早期截图OCR；参数由代码区或红色标注复核
m2_ranked_recent,14,20,complete,1.65,47.47,-0.05,0.41,-0.22,39.06,0.27312821877545357,6.688419150117952,-6.415290931342499,0.006992529922566656,False,False,False,codex-clipboard-dc1c26f9-1502-44b9-8a82-c4047d7cf8d7.png,早期截图OCR；参数由代码区或红色标注复核
m2_ranked_recent,14,10,complete,84.32,47.47,0.06,0.21,0.51,15.21,10.729178260731477,6.688419150117952,4.040759110613523,0.7054029099757708,True,True,True,codex-clipboard-09a2d04d-5acd-4531-af69-9ac500a49fc7.png,早期截图OCR；参数由代码区或红色标注复核
m2_ranked_recent,14,5,complete,27.59,47.47,-0.01,0.27,0.02,19.71,4.144444121193702,6.688419150117952,-2.54397502892425,0.21027113755422133,False,False,False,codex-clipboard-af974af1-9990-4870-a8aa-1aa80cd29cc7.png,早期截图OCR；参数由代码区或红色标注复核
m2_ranked_recent,14,1,complete,-16.37,47.47,-0.08,0.24,-0.48,39.96,-2.9355161535770335,6.688419150117952,-9.623935303694985,-0.07346136520463047,False,False,False,codex-clipboard-c249b0b6-00e9-4f48-ae7e-630439e48279.png,早期截图OCR；参数由代码区或红色标注复核
m3_ols_slope,252,20,complete,75.95,47.47,0.05,0.5,0.29,43.7,9.87482891882503,6.688419150117952,3.186409768707077,0.22596862514473748,True,False,False,codex-clipboard-5dffa4ee-75a3-4552-89b0-dc804ef4201a.png,早期截图OCR；参数由代码区或红色标注复核
m3_ols_slope,252,10,complete,80.09,47.47,0.05,0.51,0.31,43.74,10.301546018202812,6.688419150117952,3.6131268680848594,0.23551774161414749,True,False,False,codex-clipboard-ce1801ae-f86d-422f-84ac-b94840447d38.png,早期截图OCR；参数由代码区或红色标注复核
m3_ols_slope,252,5,complete,87.56,47.47,0.06,0.52,0.34,43.71,11.05122936952807,6.688419150117952,4.362810219410118,0.2528306879324656,True,False,False,codex-clipboard-5227454f-2d60-45c5-a857-3042faa1189e.png,早期截图OCR；参数由代码区或红色标注复核
m3_ols_slope,252,1,complete,86.61,47.47,0.06,0.52,0.34,43.7,10.957284313981397,6.688419150117952,4.2688651638634445,0.2507387714869885,True,False,False,codex-clipboard-1ad1849a-b697-42b6-b1da-f29d1ae57dc5.png,早期截图OCR；参数由代码区或红色标注复核
m3_ols_slope,126,20,complete,20.48,47.47,-0.02,0.51,-0.04,43.7,3.1539413833063357,6.688419150117952,-3.5344777668116167,0.0721725717003738,False,False,False,codex-clipboard-7a0f212b-bf9f-4c07-9222-647bd5342d68.png,早期截图OCR；参数由代码区或红色标注复核
m3_ols_slope,126,10,complete,36.38,47.47,0.0,0.53,0.07,43.74,5.307292667013064,6.688419150117952,-1.3811264831048886,0.12133728091022093,False,False,False,codex-clipboard-283c6560-ceeb-4082-8d42-f136e6dbcd9a.png,早期截图OCR；参数由代码区或红色标注复核
m3_ols_slope,126,5,complete,58.57,47.47,0.03,0.48,0.21,3468.0,7.986675483163852,6.688419150117952,1.2982563330458996,0.0023029629420887694,True,False,False,codex-clipboard-42a301fa-a6f4-454b-adea-e30a0dabf77b.png,早期截图OCR；参数由代码区或红色标注复核
m3_ols_slope,126,1,complete,81.86,47.47,0.05,0.47,0.35,34.67,10.481492146180349,6.688419150117952,3.7930729960623966,0.30232166559504897,True,True,False,codex-clipboard-588e7964-9136-46e1-a98d-3e7876d701ec.png,早期截图OCR；参数由代码区或红色标注复核
m3_ols_slope,63,20,complete,32.22,47.47,0.0,0.48,0.05,39.45,4.764993923620753,6.688419150117952,-1.9234252264971996,0.12078565078886572,False,False,False,codex-clipboard-5afe1795-9acf-42a8-95ad-b2b651cb92dd.png,早期截图OCR；参数由代码区或红色标注复核
m3_ols_slope,63,10,complete,7.43,47.47,-0.04,0.44,-0.15,36.0,1.2016506107392688,6.688419150117952,-5.486768539378684,0.03337918363164636,False,False,False,codex-clipboard-4c93b689-7390-434f-934e-6598bd7cea80.png,早期截图OCR；参数由代码区或红色标注复核
m3_ols_slope,63,5,complete,-0.74,47.47,-0.05,0.44,-0.22,45.29,-0.12371533987727279,6.688419150117952,-6.812134489995225,-0.002731625963287101,False,False,False,codex-clipboard-7006c3a6-51d1-4aaf-8863-10004cfe217a.png,早期截图OCR；参数由代码区或红色标注复核
m3_ols_slope,63,1,complete,2.04,47.47,-0.05,0.41,-0.2,38.92,0.33714551606327525,6.688419150117952,-6.351273634054677,0.008662526106456198,False,False,False,codex-clipboard-6681c642-e4b5-4948-9809-b470523a867b.png,早期截图OCR；参数由代码区或红色标注复核
m3_ols_slope,31,20,complete,70.18,47.47,0.04,0.37,0.32,21.15,9.265926651788291,6.688419150117952,2.5775075016703397,0.4381052790443637,True,True,True,codex-clipboard-4d200f71-50d7-4029-ab2f-2d4b9fa1e816.png,早期截图OCR；参数由代码区或红色标注复核
m3_ols_slope,31,10,complete,59.11,47.47,0.03,0.4,0.24,23.27,8.047878983882196,6.688419150117952,1.3594598337642427,0.3458478291311644,True,True,False,codex-clipboard-637c3597-5db8-460c-af0f-4e702cc360b2.png,早期截图OCR；参数由代码区或红色标注复核
m3_ols_slope,31,5,complete,80.21,47.47,0.05,0.41,0.36,21.5,10.313792221154227,6.688419150117952,3.6253730710362753,0.47971126610019665,True,True,True,codex-clipboard-832b0543-4435-48cb-b315-ada77d6afbc6.png,早期截图OCR；参数由代码区或红色标注复核
m3_ols_slope,31,1,complete,72.73,47.47,0.05,0.37,0.33,21.95,9.537114307344986,6.688419150117952,2.8486951572270325,0.4344926791501132,True,True,True,codex-clipboard-40e0fde9-5677-47d5-832f-f70e5f6edfd7.png,早期截图OCR；参数由代码区或红色标注复核
m3_ols_slope,14,20,complete,36.11,47.47,0.0,0.38,0.08,37.02,5.2725167323436795,6.688419150117952,-1.415902417774273,0.14242346656790056,False,False,False,codex-clipboard-49be7fa1-52f7-4469-a119-a0dd49c45e4a.png,早期截图OCR；参数由代码区或红色标注复核
m3_ols_slope,14,10,complete,33.85,47.47,0.0,0.37,0.07,38.09,4.979152551703825,6.688419150117952,-1.7092665984141275,0.13072072858240547,False,False,False,codex-clipboard-2e963616-362d-4953-b0d4-f46b022faac8.png,早期截图OCR；参数由代码区或红色标注复核
m3_ols_slope,14,5,complete,6.77,47.47,-0.04,0.41,-0.16,37.03,1.0977617040077714,6.688419150117952,-5.590657446110181,0.029645198595943056,False,False,False,codex-clipboard-8919f71a-5375-48d5-b1be-df54a22287a1.png,早期截图OCR；参数由代码区或红色标注复核
m3_ols_slope,14,1,complete,61.07,47.47,0.04,0.28,0.28,27.68,8.268580573475903,6.688419150117952,1.5801614233579508,0.29872039644060344,True,False,False,codex-clipboard-3ad9da43-b3c8-4458-b461-ef88583a705b.png,早期截图OCR；参数由代码区或红色标注复核
m3b_efficiency,252,20,missing_not_run,,,,,,,,,,,False,False,False,,未取得最终截图指标
m3b_efficiency,252,10,missing_not_run,,,,,,,,,,,False,False,False,,未取得最终截图指标
m3b_efficiency,252,5,missing_not_run,,,,,,,,,,,False,False,False,,未取得最终截图指标
m3b_efficiency,252,1,missing_not_run,,,,,,,,,,,False,False,False,,未取得最终截图指标
m3b_efficiency,126,20,missing_not_run,,,,,,,,,,,False,False,False,,未取得最终截图指标
m3b_efficiency,126,10,missing_not_run,,,,,,,,,,,False,False,False,,未取得最终截图指标
m3b_efficiency,126,5,missing_not_run,,,,,,,,,,,False,False,False,,未取得最终截图指标
m3b_efficiency,126,1,missing_not_run,,,,,,,,,,,False,False,False,,未取得最终截图指标
m3b_efficiency,63,20,missing_not_run,,,,,,,,,,,False,False,False,,未取得最终截图指标
m3b_efficiency,63,10,missing_not_run,,,,,,,,,,,False,False,False,,未取得最终截图指标
m3b_efficiency,63,5,missing_not_run,,,,,,,,,,,False,False,False,,未取得最终截图指标
m3b_efficiency,63,1,missing_not_run,,,,,,,,,,,False,False,False,,未取得最终截图指标
m3b_efficiency,31,20,missing_not_run,,,,,,,,,,,False,False,False,,未取得最终截图指标
m3b_efficiency,31,10,missing_not_run,,,,,,,,,,,False,False,False,,未取得最终截图指标
m3b_efficiency,31,5,missing_not_run,,,,,,,,,,,False,False,False,,未取得最终截图指标
m3b_efficiency,31,1,missing_not_run,,,,,,,,,,,False,False,False,,未取得最终截图指标
m3b_efficiency,14,20,missing_not_run,,,,,,,,,,,False,False,False,,未取得最终截图指标
m3b_efficiency,14,10,missing_not_run,,,,,,,,,,,False,False,False,,未取得最终截图指标
m3b_efficiency,14,5,missing_not_run,,,,,,,,,,,False,False,False,,未取得最终截图指标
m3b_efficiency,14,1,missing_not_run,,,,,,,,,,,False,False,False,,未取得最终截图指标
m3c_bias_trend,252,20,complete,53.01,47.47,0.02,0.45,0.2,34.86,7.346190264865915,6.688419150117952,0.6577711147479626,0.21073408677182773,True,False,False,m3c_bias_trend_lb252_f20.png,m3c_bias_trend_results.csv
m3c_bias_trend,252,10,complete,50.06,47.47,0.02,0.37,0.19,21.81,6.9984509594905875,6.688419150117952,0.3100318093726351,0.32088266664330983,True,True,False,m3c_bias_trend_lb252_f10.png,m3c_bias_trend_results.csv
m3c_bias_trend,252,5,complete,40.15,47.47,0.01,0.36,0.11,19.33,5.786971373670746,6.688419150117952,-0.9014477764472062,0.2993777223833806,False,False,False,m3c_bias_trend_lb252_f5.png,m3c_bias_trend_results.csv
m3c_bias_trend,252,1,complete,77.05,47.47,0.05,0.37,0.37,19.5,9.989017300278814,6.688419150117952,3.3005981501608606,0.5122572974501955,True,True,True,m3c_bias_trend_lb252_f1.png,m3c_bias_trend_results.csv
m3c_bias_trend,126,20,complete,-9.55,47.47,-0.07,0.53,-0.3,39.81,-1.65896791826734,6.688419150117952,-8.347387068385292,-0.04167214062465059,False,False,False,m3c_bias_trend_lb126_f20.png,m3c_bias_trend_results.csv
m3c_bias_trend,126,10,complete,9.88,47.47,-0.04,0.42,-0.13,41.28,1.5827054318938272,6.688419150117952,-5.105713718224125,0.03834073236176907,False,False,False,m3c_bias_trend_lb126_f10.png,m3c_bias_trend_results.csv
m3c_bias_trend,126,5,complete,27.58,47.47,-0.01,0.37,0.01,38.03,4.143083671768499,6.688419150117952,-2.545335478349453,0.10894251043303968,False,False,False,Snipaste_2026-07-16_00-18-46.png,补图确认f5；原m3c_bias_trend_lb126_f1.png日志同样为f5
m3c_bias_trend,126,1,missing_config_mismatch,,,,,,,,,,,False,False,False,m3c_bias_trend_lb126_f1.png,文件名写f1，但图内S05_CODE_VERSION与S05_CONFIG均为f5
m3c_bias_trend,63,20,complete,29.97,47.47,-0.01,0.4,0.03,33.15,4.465732338582429,6.688419150117952,-2.2226868115355236,0.13471289105829348,False,False,False,m3c_bias_trend_lb63_f20.png,m3c_bias_trend_results.csv
m3c_bias_trend,63,10,complete,6.03,47.47,-0.04,0.41,-0.17,42.84,0.98064186952036,6.688419150117952,-5.707777280597592,0.022890799942118577,False,False,False,m3c_bias_trend_lb63_f10.png,m3c_bias_trend_results.csv
m3c_bias_trend,63,5,complete,14.69,47.47,-0.03,0.43,-0.09,36.07,2.3106692284695196,6.688419150117952,-4.377749921648433,0.06406069388604158,False,False,False,m3c_bias_trend_lb63_f5.png,m3c_bias_trend_results.csv
m3c_bias_trend,63,1,complete,19.81,47.47,-0.02,0.39,-0.05,40.65,3.0581110510422116,6.688419150117952,-3.630308099075741,0.07523028415848,False,False,False,m3c_bias_trend_lb63_f1.png,m3c_bias_trend_results.csv
m3c_bias_trend,31,20,complete,3.65,47.47,-0.04,0.34,-0.22,41.56,0.5992827719798033,6.688419150117952,-6.089136378138149,0.014419700961977942,False,False,False,m3c_bias_trend_lb31_f20.png,m3c_bias_trend_results.csv
m3c_bias_trend,31,10,complete,-18.89,47.47,-0.09,0.42,-0.43,53.77,-3.4292212539698497,6.688419150117952,-10.117640404087801,-0.06377573468420772,False,False,False,m3c_bias_trend_lb31_f10.png,m3c_bias_trend_results.csv
m3c_bias_trend,31,5,complete,-35.65,47.47,-0.12,0.36,-0.67,48.15,-7.083803190895532,6.688419150117952,-13.772222341013485,-0.1471194847538013,False,False,False,m3c_bias_trend_lb31_f5.png,m3c_bias_trend_results.csv
m3c_bias_trend,31,1,complete,-8.61,47.47,-0.06,0.3,-0.35,36.55,-1.489366282819038,6.688419150117952,-8.17778543293699,-0.040748735508044816,False,False,False,m3c_bias_trend_lb31_f1.png,m3c_bias_trend_results.csv
m3c_bias_trend,14,20,complete,5.18,47.47,-0.05,0.55,-0.16,44.83,0.8452687618129451,6.688419150117952,-5.843150388305007,0.018854980187663285,False,False,False,m3c_bias_trend_lb14_f20.png,m3c_bias_trend_results.csv
m3c_bias_trend,14,10,complete,90.33,47.47,0.07,0.39,0.44,21.48,11.322907673589677,6.688419150117952,4.634488523471725,0.5271372287518472,True,True,True,m3c_bias_trend_lb14_f10.png,m3c_bias_trend_results.csv
m3c_bias_trend,14,5,complete,-18.42,47.47,-0.09,0.41,-0.42,45.92,-3.336180802112587,6.688419150117952,-10.02459995223054,-0.07265202095192916,False,False,False,m3c_bias_trend_lb14_f5.png,m3c_bias_trend_results.csv
m3c_bias_trend,14,1,complete,-7.17,47.47,-0.06,0.34,-0.33,50.6,-1.2323489888181216,6.688419150117952,-7.920768138936074,-0.024354723099172363,False,False,False,m3c_bias_trend_lb14_f1.png,m3c_bias_trend_results.csv
m3d_wls_slope,252,20,complete,72.7,47.47,0.04,0.48,0.28,43.7,9.533943316722304,6.688419150117952,2.845524166604352,0.21816803928426323,True,False,False,m3d_wls_slope_lb252_f20.png,m3d_wls_slope_results.csv
m3d_wls_slope,252,10,complete,84.26,47.47,0.06,0.49,0.33,43.74,10.72317000336087,6.688419150117952,4.034750853242919,0.24515706454871675,True,False,False,m3d_wls_slope_lb252_f10.png,m3d_wls_slope_results.csv
m3d_wls_slope,252,5,complete,85.97,47.47,0.06,0.51,0.34,43.71,10.893770075169096,6.688419150117952,4.205350925051143,0.24922832475792944,True,False,False,m3d_wls_slope_lb252_f5.png,m3d_wls_slope_results.csv
m3d_wls_slope,252,1,complete,76.95,47.47,0.05,0.51,0.29,43.7,9.978661006305423,6.688419150117952,3.2902418561874702,0.2283446454532133,True,False,False,m3d_wls_slope_lb252_f1.png,m3d_wls_slope_results.csv
m3d_wls_slope,126,20,complete,23.17,47.47,-0.02,0.5,-0.02,43.7,3.5342774342053573,6.688419150117952,-3.154141715912595,0.08087591382620954,False,False,False,m3d_wls_slope_lb126_f20.png,m3d_wls_slope_results.csv
m3d_wls_slope,126,10,complete,107.98,47.47,0.08,0.46,0.48,34.7,12.980526860671283,6.688419150117952,6.29210771055333,0.3740785838810167,True,True,False,m3d_wls_slope_lb126_f10.png,m3d_wls_slope_results.csv
m3d_wls_slope,126,5,complete,106.54,47.47,0.08,0.47,0.47,34.68,12.849774462023067,6.688419150117952,6.1613553119051145,0.370524061765371,True,True,False,m3d_wls_slope_lb126_f5.png,m3d_wls_slope_results.csv
m3d_wls_slope,126,1,complete,96.32,47.47,0.07,0.47,0.42,34.67,11.899314036373854,6.688419150117952,5.210894886255901,0.3432164417759981,True,True,False,m3d_wls_slope_lb126_f1.png,m3d_wls_slope_results.csv
m3d_wls_slope,63,20,complete,4.86,47.47,-0.05,0.47,-0.17,41.8,0.7940684853137592,6.688419150117952,-5.894350664804193,0.018996853715640173,False,False,False,m3d_wls_slope_lb63_f20.png,m3d_wls_slope_results.csv
m3d_wls_slope,63,10,complete,2.28,47.47,-0.05,0.45,-0.19,38.22,0.37643950094277123,6.688419150117952,-6.311979649175181,0.0098492805060903,False,False,False,m3d_wls_slope_lb63_f10.png,m3d_wls_slope_results.csv
m3d_wls_slope,63,5,complete,-13.89,47.47,-0.08,0.44,-0.35,47.41,-2.461606520037418,6.688419150117952,-9.15002567015537,-0.051921673065543524,False,False,False,m3d_wls_slope_lb63_f5.png,m3d_wls_slope_results.csv
m3d_wls_slope,63,1,complete,13.97,47.47,-0.03,0.42,-0.09,28.87,2.203340618140759,6.688419150117952,-4.4850785319771935,0.07631938407138063,False,False,False,m3d_wls_slope_lb63_f1.png,m3d_wls_slope_results.csv
m3d_wls_slope,31,20,complete,39.58,47.47,0.01,0.36,0.11,21.15,5.715142367692749,6.688419150117952,-0.9732767824252031,0.2702194972904373,False,False,False,m3d_wls_slope_lb31_f20.png,m3d_wls_slope_results.csv
m3d_wls_slope,31,10,complete,46.95,47.47,0.02,0.39,0.16,23.27,6.625627097843623,6.688419150117952,-0.06279205227432971,0.2847282809558927,False,False,False,m3d_wls_slope_lb31_f10.png,m3d_wls_slope_results.csv
m3d_wls_slope,31,5,complete,55.06,47.47,0.03,0.4,0.21,22.57,7.584563777756137,6.688419150117952,0.8961446276381846,0.3360462462452874,True,True,False,m3d_wls_slope_lb31_f5.png,m3d_wls_slope_results.csv
m3d_wls_slope,31,1,complete,78.92,47.47,0.05,0.35,0.38,24.77,10.181787799549035,6.688419150117952,3.4933686494310834,0.41105320143516494,True,True,True,m3d_wls_slope_lb31_f1.png,m3d_wls_slope_results.csv
m3d_wls_slope,14,20,complete,43.38,47.47,0.01,0.37,0.14,36.2,6.189464164322778,6.688419150117952,-0.4989549857951747,0.1709796730475905,False,False,False,m3d_wls_slope_lb14_f20.png,m3d_wls_slope_results.csv
m3d_wls_slope,14,10,complete,38.85,47.47,0.01,0.36,0.1,39.55,5.622792982156,6.688419150117952,-1.0656261679619528,0.14216922837309734,False,False,False,m3d_wls_slope_lb14_f10.png,m3d_wls_slope_results.csv
m3d_wls_slope,14,5,complete,6.48,47.47,-0.04,0.41,-0.16,38.95,1.0519442363585263,6.688419150117952,-5.636474913759426,0.027007554206894126,False,False,False,m3d_wls_slope_lb14_f5.png,m3d_wls_slope_results.csv
m3d_wls_slope,14,1,complete,38.48,47.47,0.01,0.28,0.11,28.18,5.575831158090772,6.688419150117952,-1.1125879920271808,0.1978648388250806,False,False,False,m3d_wls_slope_lb14_f1.png,m3d_wls_slope_results.csv
m3e_huber_slope,252,20,complete,75.95,47.47,0.05,0.5,0.29,43.7,9.87482891882503,6.688419150117952,3.186409768707077,0.22596862514473748,True,False,False,m3e_huber_slope_lb252_f20.png,m3e_huber_slope_results.csv
m3e_huber_slope,252,10,complete,83.56,47.47,0.05,0.51,0.33,43.74,10.652952928007874,6.688419150117952,3.9645337778899226,0.24355173589409865,True,False,False,m3e_huber_slope_lb252_f10.png,m3e_huber_slope_results.csv
m3e_huber_slope,252,5,complete,77.94,47.47,0.05,0.52,0.29,43.71,10.080974205832183,6.688419150117952,3.3925550557142303,0.23063313213983488,True,False,False,m3e_huber_slope_lb252_f5.png,m3e_huber_slope_results.csv
m3e_huber_slope,252,1,complete,70.78,47.47,0.04,0.53,0.26,43.7,9.330038625230873,6.688419150117952,2.641619475112922,0.21350202803731974,True,False,False,m3e_huber_slope_lb252_f1.png,m3e_huber_slope_results.csv
m3e_huber_slope,126,20,complete,10.93,47.47,-0.04,0.54,-0.11,45.42,1.7438503438551134,6.688419150117952,-4.944568806262839,0.038393886918870836,False,False,False,m3e_huber_slope_lb126_f20.png,m3e_huber_slope_results.csv
m3e_huber_slope,126,10,complete,22.6,47.47,-0.02,0.55,-0.02,43.74,3.454267888357543,6.688419150117952,-3.2341512617604096,0.07897274550428768,False,False,False,m3e_huber_slope_lb126_f10.png,m3e_huber_slope_results.csv
m3e_huber_slope,126,5,complete,63.07,47.47,0.03,0.5,0.24,34.68,8.491491194584523,6.688419150117952,1.8030720444665693,0.24485268727175669,True,False,False,m3e_huber_slope_lb126_f5.png,m3e_huber_slope_results.csv
m3e_huber_slope,126,1,complete,73.66,47.47,0.05,0.48,0.3,34.67,9.635188115003768,6.688419150117952,2.9467689648858153,0.2779113964523729,True,False,False,Snipaste_2026-07-16_00-40-15.png,补图替换原6x2无效附件
m3e_huber_slope,63,20,complete,6.02,47.47,-0.04,0.47,-0.16,39.31,0.9790545104342518,6.688419150117952,-5.709364639683701,0.02490599110745998,False,False,False,m3e_huber_slope_lb63_f20.png,m3e_huber_slope_results.csv
m3e_huber_slope,63,10,complete,11.8,47.47,-0.03,0.46,-0.11,36.45,1.8764103213382732,6.688419150117952,-4.812008828779679,0.05147902116154384,False,False,False,m3e_huber_slope_lb63_f10.png,m3e_huber_slope_results.csv
m3e_huber_slope,63,5,complete,4.94,47.47,-0.04,0.45,-0.17,45.74,0.8068807483409879,6.688419150117952,-5.8815384017769645,0.017640593536095057,False,False,False,m3e_huber_slope_lb63_f5.png,m3e_huber_slope_results.csv
m3e_huber_slope,63,1,complete,-0.93,47.47,-0.05,0.45,-0.22,46.27,-0.15560406120039838,6.688419150117952,-6.844023211318351,-0.0033629578820055838,False,False,False,m3e_huber_slope_lb63_f1.png,m3e_huber_slope_results.csv
m3e_huber_slope,31,20,complete,74.35,47.47,0.05,0.37,0.35,21.15,9.707670115037349,6.688419150117952,3.0192509649193955,0.45899149480082024,True,True,True,m3e_huber_slope_lb31_f20.png,m3e_huber_slope_results.csv
m3e_huber_slope,31,10,complete,56.27,47.47,0.03,0.4,0.23,23.27,7.724032442709738,6.688419150117952,1.035613292591786,0.33193091717704076,True,True,False,m3e_huber_slope_lb31_f10.png,m3e_huber_slope_results.csv
m3e_huber_slope,31,5,complete,90.62,47.47,0.06,0.41,0.42,21.13,11.351159627759033,6.688419150117952,4.662740477641081,0.5372058508168024,True,True,True,m3e_huber_slope_lb31_f5.png,m3e_huber_slope_results.csv
m3e_huber_slope,31,1,complete,75.2,47.47,0.05,0.38,0.34,20.83,9.79663164368696,6.688419150117952,3.108212493569007,0.47031356906802496,True,True,True,m3e_huber_slope_lb31_f1.png,m3e_huber_slope_results.csv
m3e_huber_slope,14,20,complete,27.7,47.47,-0.01,0.37,0.02,37.33,4.159403203403711,6.688419150117952,-2.5290159467142415,0.11142253424601424,False,False,False,m3e_huber_slope_lb14_f20.png,m3e_huber_slope_results.csv
m3e_huber_slope,14,10,complete,-7.09,47.47,-0.06,0.43,-0.29,54.02,-1.2181679116869293,6.688419150117952,-7.906587061804881,-0.022550313063438156,False,False,False,m3e_huber_slope_lb14_f10.png,m3e_huber_slope_results.csv
m3e_huber_slope,14,5,complete,-2.78,47.47,-0.06,0.42,-0.25,39.62,-0.4687932908001735,6.688419150117952,-7.157212440918126,-0.011832238536097262,False,False,False,m3e_huber_slope_lb14_f5.png,m3e_huber_slope_results.csv
m3e_huber_slope,14,1,complete,65.96,47.47,0.04,0.29,0.32,24.76,8.809605992949887,6.688419150117952,2.1211868428319347,0.3557999189398177,True,True,False,m3e_huber_slope_lb14_f1.png,m3e_huber_slope_results.csv
m3f_equal_rank,252,20,complete,69.57,47.47,0.04,0.48,0.27,43.7,9.200552753501867,6.688419150117952,2.512133603383915,0.21053896461102667,True,False,False,m3f_equal_rank_lb252_f20.png,m3f_equal_rank_results.csv
m3f_equal_rank,252,10,complete,29.24,47.47,-0.01,0.52,0.02,45.73,4.367710911030365,6.688419150117952,-2.3207082390875877,0.09551084432605216,False,False,False,m3f_equal_rank_lb252_f10.png,m3f_equal_rank_results.csv
m3f_equal_rank,252,5,complete,21.55,47.47,-0.02,0.55,-0.03,45.24,3.3060668829717255,6.688419150117952,-3.382352267146227,0.07307840148036528,False,False,False,m3f_equal_rank_lb252_f5.png,m3f_equal_rank_results.csv
m3f_equal_rank,252,1,complete,3.85,47.47,-0.05,0.54,-0.16,47.42,0.6316090293912113,6.688419150117952,-6.056810120726741,0.01331946498083533,False,False,False,m3f_equal_rank_lb252_f1.png,m3f_equal_rank_results.csv
m3f_equal_rank,126,20,complete,26.71,47.47,-0.01,0.44,0.01,34.67,4.024382986856856,6.688419150117952,-2.6640361632610965,0.11607680954303017,False,False,False,m3f_equal_rank_lb126_f20.png,m3f_equal_rank_results.csv
m3f_equal_rank,126,10,complete,-4.42,47.47,-0.06,0.5,-0.24,47.83,-0.75061194571312,6.688419150117952,-7.439031095831073,-0.01569332941068618,False,False,False,m3f_equal_rank_lb126_f10.png,m3f_equal_rank_results.csv
m3f_equal_rank,126,5,complete,7.42,47.47,-0.04,0.35,-0.16,38.06,1.2000805096511913,6.688419150117952,-5.488338640466761,0.03153127981217002,False,False,False,m3f_equal_rank_lb126_f5.png,m3f_equal_rank_results.csv
m3f_equal_rank,126,1,complete,-25.22,47.47,-0.1,0.34,-0.53,53.66,-4.728227879311719,6.688419150117952,-11.416647029429672,-0.08811457098978233,False,False,False,m3f_equal_rank_lb126_f1.png,m3f_equal_rank_results.csv
m3f_equal_rank,63,20,complete,0.72,47.47,-0.05,0.33,-0.24,37.92,0.11964157596593417,6.688419150117952,-6.568777574152018,0.0031551048514223143,False,False,False,m3f_equal_rank_lb63_f20.png,m3f_equal_rank_results.csv
m3f_equal_rank,63,10,complete,78.92,47.47,0.06,0.31,0.41,17.63,10.181787799549035,6.688419150117952,3.4933686494310834,0.5775262506834394,True,True,True,m3f_equal_rank_lb63_f10.png,m3f_equal_rank_results.csv
m3f_equal_rank,63,5,complete,81.61,47.47,0.06,0.3,0.42,23.28,10.456164781840194,6.688419150117952,3.7677456317222413,0.44914797172853066,True,True,True,m3f_equal_rank_lb63_f5.png,m3f_equal_rank_results.csv
m3f_equal_rank,63,1,complete,70.68,47.47,0.05,0.3,0.35,22.47,9.319366344873625,6.688419150117952,2.630947194755673,0.4147470558466233,True,True,True,m3f_equal_rank_lb63_f1.png,m3f_equal_rank_results.csv
m3f_equal_rank,31,20,complete,60.67,47.47,0.04,0.24,0.31,21.9,8.2237219068668,6.688419150117952,1.5353027567488464,0.3755124158386667,True,True,False,m3f_equal_rank_lb31_f20.png,m3f_equal_rank_results.csv
m3f_equal_rank,31,10,complete,81.79,47.47,0.06,0.36,0.41,20.41,10.474403410273725,6.688419150117952,3.7859842601557725,0.5131995791412898,True,True,True,m3f_equal_rank_lb31_f10.png,m3f_equal_rank_results.csv
m3f_equal_rank,31,5,complete,39.2,47.47,0.01,0.37,0.11,22.41,5.66712044584563,6.688419150117952,-1.021298704272322,0.2528835540314873,False,False,False,m3f_equal_rank_lb31_f5.png,m3f_equal_rank_results.csv
m3f_equal_rank,31,1,complete,61.3,47.47,0.04,0.3,0.3,19.63,8.294332286401307,6.688419150117952,1.6059131362833545,0.42253348376980676,True,True,True,m3f_equal_rank_lb31_f1.png,m3f_equal_rank_results.csv
m3f_equal_rank,14,20,complete,-1.1,47.47,-0.06,0.49,-0.22,47.76,-0.18417930403104021,6.688419150117952,-6.872598454148992,-0.0038563505869145774,False,False,False,m3f_equal_rank_lb14_f20.png,m3f_equal_rank_results.csv
m3f_equal_rank,14,10,complete,58.88,47.47,0.03,0.28,0.28,26.5,8.02183202121216,6.688419150117952,1.3334128710942084,0.30271064230989286,True,True,False,m3f_equal_rank_lb14_f10.png,m3f_equal_rank_results.csv
m3f_equal_rank,14,5,complete,13.46,47.47,-0.03,0.37,-0.1,36.89,2.126973801848586,6.688419150117952,-4.561445348269366,0.05765719170096466,False,False,False,m3f_equal_rank_lb14_f5.png,m3f_equal_rank_results.csv
m3f_equal_rank,14,1,complete,-6.0,47.47,-0.06,0.27,-0.33,38.39,-1.0259575082657624,6.688419150117952,-7.714376658383715,-0.02672460297644601,False,False,False,m3f_equal_rank_lb14_f1.png,m3f_equal_rank_results.csv
m3g_efficiency_rank,252,20,not_provided_poor_result,,,,,,,,,,,False,False,False,,m3g_efficiency_rank_results.csv
m3g_efficiency_rank,252,10,not_provided_poor_result,,,,,,,,,,,False,False,False,,m3g_efficiency_rank_results.csv
m3g_efficiency_rank,252,5,not_provided_poor_result,,,,,,,,,,,False,False,False,,m3g_efficiency_rank_results.csv
m3g_efficiency_rank,252,1,not_provided_poor_result,,,,,,,,,,,False,False,False,,m3g_efficiency_rank_results.csv
m3g_efficiency_rank,126,20,complete,33.73,47.47,0.0,0.37,0.06,34.67,4.9634605996270675,6.688419150117952,-1.7249585504908849,0.14316298239478129,False,False,False,m3g_efficiency_rank_lb126_f20.png,m3g_efficiency_rank_results.csv
m3g_efficiency_rank,126,10,complete,2.41,47.47,-0.05,0.45,-0.19,46.44,0.3976916712688183,6.688419150117952,-6.290727478849134,0.008563558812851386,False,False,False,m3g_efficiency_rank_lb126_f10.png,m3g_efficiency_rank_results.csv
m3g_efficiency_rank,126,5,complete,-10.87,47.47,-0.07,0.36,-0.34,48.9,-1.8996287127852174,6.688419150117952,-8.58804786290317,-0.03884721294039299,False,False,False,m3g_efficiency_rank_lb126_f5.png,m3g_efficiency_rank_results.csv
m3g_efficiency_rank,126,1,complete,-34.83,47.47,-0.12,0.35,-0.65,61.03,-6.887507243060043,6.688419150117952,-13.575926393177994,-0.1128544526144526,False,False,False,m3g_efficiency_rank_lb126_f1.png,m3g_efficiency_rank_results.csv
m3g_efficiency_rank,63,20,complete,20.75,47.47,-0.02,0.35,-0.04,36.86,3.1924340693950226,6.688419150117952,-3.49598508072293,0.08660971430805814,False,False,False,m3g_efficiency_rank_lb63_f20.png,m3g_efficiency_rank_results.csv
m3g_efficiency_rank,63,10,complete,31.54,47.47,-0.0,0.36,0.05,27.3,4.675000809179974,6.688419150117952,-2.013418340937978,0.17124545088571333,False,False,False,m3g_efficiency_rank_lb63_f10.png,m3g_efficiency_rank_results.csv
m3g_efficiency_rank,63,5,not_provided_poor_result,,,,,,,,,,,False,False,False,,m3g_efficiency_rank_results.csv
m3g_efficiency_rank,63,1,complete,27.99,47.47,-0.01,0.37,0.02,26.26,4.1987893748335114,6.688419150117952,-2.489629775284441,0.15989296933867142,False,False,False,m3g_efficiency_rank_lb63_f1.png,m3g_efficiency_rank_results.csv
m3g_efficiency_rank,31,20,complete,43.34,47.47,0.01,0.36,0.14,30.01,6.184526152984038,6.688419150117952,-0.5038929971339146,0.20608217770689893,False,False,False,m3g_efficiency_rank_lb31_f20.png,m3g_efficiency_rank_results.csv
m3g_efficiency_rank,31,10,complete,43.75,47.47,0.01,0.38,0.14,23.77,6.235086429507852,6.688419150117952,-0.4533327206101001,0.26230906308404933,False,False,False,m3g_efficiency_rank_lb31_f10.png,m3g_efficiency_rank_results.csv
m3g_efficiency_rank,31,5,complete,0.73,47.47,-0.05,0.39,-0.22,30.03,0.12129823965398856,6.688419150117952,-6.567120910463964,0.0040392354197132385,False,False,False,m3g_efficiency_rank_lb31_f5.png,m3g_efficiency_rank_results.csv
m3g_efficiency_rank,31,1,complete,5.83,47.47,-0.04,0.34,-0.18,30.0,0.9488709561586761,6.688419150117952,-5.739548193959276,0.03162903187195587,False,False,False,m3g_efficiency_rank_lb31_f1.png,m3g_efficiency_rank_results.csv
m3g_efficiency_rank,14,20,complete,16.31,47.47,-0.03,0.5,-0.07,49.88,2.5501207216074517,6.688419150117952,-4.138298428510501,0.051125114707446906,False,False,False,m3g_efficiency_rank_lb14_f20.png,m3g_efficiency_rank_results.csv
m3g_efficiency_rank,14,10,complete,41.14,47.47,0.01,0.33,0.13,29.93,5.911150442673474,6.688419150117952,-0.7772687074444784,0.19749917950796772,False,False,False,m3g_efficiency_rank_lb14_f10.png,m3g_efficiency_rank_results.csv
m3g_efficiency_rank,14,5,complete,-0.97,47.47,-0.05,0.38,-0.24,31.19,-0.16232396948266947,6.688419150117952,-6.850743119600622,-0.005204359393480906,False,False,False,m3g_efficiency_rank_lb14_f5.png,m3g_efficiency_rank_results.csv
m3g_efficiency_rank,14,1,complete,-3.92,47.47,-0.06,0.31,-0.29,38.52,-0.6642673951832156,6.688419150117952,-7.352686545301168,-0.017244740269553884,False,False,False,m3g_efficiency_rank_lb14_f1.png,m3g_efficiency_rank_results.csv
