regime,description,start,end,strategy,benchmark_total_return,benchmark_max_drawdown,days,total_return,annualized_return,annualized_volatility,max_drawdown,sharpe_like_no_rf,calmar,positive_day_ratio,excess_total_return,drawdown_improvement
2015杠杆牛熊,急涨急跌，检验追涨后抗回撤能力,2015-04-01,2016-02-29,Top1,-0.3415977961432508,-0.5297225891677675,223,-0.020973042883874138,-0.023667959661865412,0.41812054499649043,-0.3107509445005744,0.15292918726961155,-0.07616375776396607,0.5022421524663677,0.32062475325937667,0.2189716446671931
2015杠杆牛熊,急涨急跌，检验追涨后抗回撤能力,2015-04-01,2016-02-29,Top2,-0.3415977961432508,-0.5297225891677675,223,-0.047864521954846695,-0.053918326290659846,0.39815196226528715,-0.3776006123503224,0.06095457559199223,-0.14279194611219706,0.5112107623318386,0.2937332741884041,0.1521219768174451
2015杠杆牛熊,急涨急跌，检验追涨后抗回撤能力,2015-04-01,2016-02-29,Top3,-0.3415977961432508,-0.5297225891677675,223,-0.047864521954846695,-0.053918326290659846,0.39815196226528715,-0.3776006123503224,0.06095457559199223,-0.14279194611219706,0.5112107623318386,0.2937332741884041,0.1521219768174451
2016-2017蓝筹慢牛,低波动修复与蓝筹占优,2016-03-01,2017-12-29,Top1,0.5890283589028416,-0.0952707333790267,452,0.36603539458735734,0.18993444256497893,0.15874384475712056,-0.11659765427606583,1.1750816695879291,1.6289731019397278,0.46238938053097345,-0.2229929643154842,-0.021326920897039137
2016-2017蓝筹慢牛,低波动修复与蓝筹占优,2016-03-01,2017-12-29,Top2,0.5890283589028416,-0.0952707333790267,452,0.4121937292945368,0.21218631473883232,0.13514556215121687,-0.09448806332048287,1.491887147521895,2.2456414840374355,0.5110619469026548,-0.17683462960830476,0.0007826700585438218
2016-2017蓝筹慢牛,低波动修复与蓝筹占优,2016-03-01,2017-12-29,Top3,0.5890283589028416,-0.0952707333790267,452,0.31953433291214095,0.16717829136468376,0.12900003315583308,-0.09257124066132438,1.2631981876253657,1.805941998512392,0.5154867256637168,-0.2694940259907006,0.002699492717702312
2018熊市,系统性下跌，检验防守能力,2018-01-02,2018-12-28,Top1,-0.2840842598010517,-0.35432654141307107,243,-0.21678004507529847,-0.2238359700399024,0.2514258603955892,-0.2939091783436245,-0.8812199520737569,-0.7615821026800468,0.4609053497942387,0.06730421472575321,0.06041736306944656
2018熊市,系统性下跌，检验防守能力,2018-01-02,2018-12-28,Top2,-0.2840842598010517,-0.35432654141307107,243,-0.1970365667203947,-0.20353630965210423,0.22251143084868297,-0.29248109670838385,-0.9108099876931397,-0.6958956046825776,0.49382716049382713,0.08704769308065696,0.061845444704687225
2018熊市,系统性下跌，检验防守能力,2018-01-02,2018-12-28,Top3,-0.2840842598010517,-0.35432654141307107,243,-0.18101505446192256,-0.18704984970683924,0.2214345283275497,-0.27948758249635386,-0.8238511304776055,-0.6692599650980181,0.49382716049382713,0.10306920533912911,0.07483895891671721
2019-2021结构牛,成长、消费、新能源等结构性机会,2019-01-02,2021-12-31,Top1,0.8753575807110774,-0.18522642910170772,730,7.347543309233677,1.0803054474287208,0.5011206060064284,-0.36577940577140444,1.715283809062366,2.953434311454546,0.5452054794520548,6.472185728522599,-0.18055297666969672
2019-2021结构牛,成长、消费、新能源等结构性机会,2019-01-02,2021-12-31,Top2,0.8753575807110774,-0.18522642910170772,730,4.155754819131024,0.7615184239200397,0.3641483204106332,-0.26809552131174264,1.7390884576885386,2.8404742466195203,0.5616438356164384,3.2803972384199467,-0.08286909221003491
2019-2021结构牛,成长、消费、新能源等结构性机会,2019-01-02,2021-12-31,Top3,0.8753575807110774,-0.18522642910170772,730,2.188525246676629,0.4922513453086901,0.3359576640289834,-0.2599117511636643,1.3617250112324906,1.8939172357725507,0.552054794520548,1.3131676659655518,-0.07468532206195655
2022熊市,成长回撤与风险偏好收缩,2022-01-04,2022-12-30,Top1,-0.2168228372194373,-0.29534018814263807,242,-0.2669307891842071,-0.2762768615717701,0.3951288345234212,-0.32342116122949327,-0.6189774783686689,-0.8542324828761885,0.49173553719008267,-0.050107951964769804,-0.0280809730868552
2022熊市,成长回撤与风险偏好收缩,2022-01-04,2022-12-30,Top2,-0.2168228372194373,-0.29534018814263807,242,-0.2300033481569821,-0.2382748538431264,0.34565449142985705,-0.329306145544236,-0.6132961862890095,-0.7235663745337505,0.4793388429752066,-0.013180510937544798,-0.03396595740159791
2022熊市,成长回撤与风险偏好收缩,2022-01-04,2022-12-30,Top3,-0.2168228372194373,-0.29534018814263807,242,-0.19549171772253637,-0.20269071456021315,0.3270907677322744,-0.30032957799163484,-0.5280911340166596,-0.6748942808618695,0.4793388429752066,0.02133111949690092,-0.0049893898489967725
2023震荡弱市,指数弱、主题轮动快,2023-01-03,2023-12-29,Top1,-0.10434056761268795,-0.21299363057324894,242,0.2591671537720657,0.2712151598990451,0.35226289228003793,-0.30691829032783935,0.856560314176737,0.8836721969529499,0.4669421487603306,0.3635077213847536,-0.09392465975459041
2023震荡弱市,指数弱、主题轮动快,2023-01-03,2023-12-29,Top2,-0.10434056761268795,-0.21299363057324894,242,0.10988959650225216,0.11468163485714333,0.2693857179984962,-0.23927167228223967,0.5372842762942563,0.4792946601796947,0.4793388429752066,0.2142301641149401,-0.02627804170899073
2023震荡弱市,指数弱、主题轮动快,2023-01-03,2023-12-29,Top3,-0.10434056761268795,-0.21299363057324894,242,-0.006485495047465761,-0.006752583875979212,0.22490874422669055,-0.252333034977517,0.08240788946921174,-0.026760601823621194,0.47107438016528924,0.09785507256522219,-0.039339404404268086
2024-2026恢复期,政策与流动性修复阶段,2024-01-02,2026-06-18,Top1,0.5483069276172721,-0.17067364913115923,594,0.9920689914207754,0.33960763393082893,0.36027956022702384,-0.31595314840371813,0.9915356904888584,1.074867066989583,0.4983164983164983,0.44376206380350336,-0.1452794992725589
2024-2026恢复期,政策与流动性修复阶段,2024-01-02,2026-06-18,Top2,0.5483069276172721,-0.17067364913115923,594,0.696319534227569,0.25131568230046275,0.30859851348597833,-0.27221539176340304,0.8808895140383058,0.9232236306420714,0.5202020202020202,0.14801260661029692,-0.1015417426322438
2024-2026恢复期,政策与流动性修复阶段,2024-01-02,2026-06-18,Top3,0.5483069276172721,-0.17067364913115923,594,0.4371286080484833,0.16631625883273493,0.28575002370988284,-0.26106867077753704,0.6810134536933037,0.6370594309052773,0.5185185185185185,-0.11117831956878876,-0.0903950216463778
2015 基准震荡年,510300全年收益 4.33%,2015-01-05,2015-12-31,Top1,0.043267566632052334,-0.5114487010127697,244,0.18462905948583774,0.1912280712123411,0.38296462790274205,-0.3107509445005744,0.649472343401002,0.6153740627230423,0.38934426229508196,0.1413614928537854,0.20069775651219535
2015 基准震荡年,510300全年收益 4.33%,2015-01-05,2015-12-31,Top2,0.043267566632052334,-0.5114487010127697,244,0.14526063446847948,0.15036490199904473,0.36966099609055914,-0.3776006123503224,0.5649221261279661,0.39821148875559115,0.4139344262295082,0.10199306783642714,0.13384808866244735
2015 基准震荡年,510300全年收益 4.33%,2015-01-05,2015-12-31,Top3,0.043267566632052334,-0.5114487010127697,244,0.14526063446847948,0.15036490199904473,0.36966099609055914,-0.3776006123503224,0.5649221261279661,0.39821148875559115,0.4139344262295082,0.10199306783642714,0.13384808866244735
2016 基准震荡年,510300全年收益 -12.24%,2016-01-04,2016-12-30,Top1,-0.12242866622428572,-0.2420156139105748,244,-0.12577803706029167,-0.12962246956022416,0.1770453530384636,-0.17955346336480804,-0.6946295556429801,-0.721915729895243,0.45081967213114754,-0.0033493708360059493,0.06246215054576676
2016 基准震荡年,510300全年收益 -12.24%,2016-01-04,2016-12-30,Top2,-0.12242866622428572,-0.2420156139105748,244,-0.06238796436044014,-0.06436620407460514,0.1447142114887847,-0.16245860840288118,-0.38696921519993266,-0.396200636626059,0.47950819672131145,0.06004070186384558,0.07955700550769362
2016 基准震荡年,510300全年收益 -12.24%,2016-01-04,2016-12-30,Top3,-0.12242866622428572,-0.2420156139105748,244,-0.06559634753331611,-0.06767260323119939,0.14362473946962118,-0.16245860840288118,-0.4156217830432113,-0.41655289243508764,0.48360655737704916,0.05683231869096961,0.07955700550769362
2017 基准上涨年,510300全年收益 29.22%,2017-01-03,2017-12-29,Top1,0.29224952741020926,-0.0727673649393602,244,0.2913753952308451,0.30224762271265315,0.16766200818719648,-0.11281754096309371,1.659574976900476,2.6790835904810955,0.47540983606557374,-0.0008741321793641621,-0.04005017602373351
2017 基准上涨年,510300全年收益 29.22%,2017-01-03,2017-12-29,Top2,0.29224952741020926,-0.0727673649393602,244,0.2521764163771629,0.2614431076373971,0.14493217651176848,-0.09448806332048332,1.675591124468481,2.76694323547132,0.5204918032786885,-0.04007311103304634,-0.021720698381123116
2017 基准上涨年,510300全年收益 29.22%,2017-01-03,2017-12-29,Top3,0.29224952741020926,-0.0727673649393602,244,0.1740337506093388,0.18022603660169345,0.13535009266354728,-0.09257124066132427,1.2922589245904215,1.946890149836685,0.5245901639344263,-0.11821577680087048,-0.01980387572196407
2018 基准下跌年,510300全年收益 -28.41%,2018-01-02,2018-12-28,Top1,-0.2840842598010517,-0.35432654141307107,243,-0.21678004507529847,-0.2238359700399024,0.2514258603955892,-0.2939091783436245,-0.8812199520737569,-0.7615821026800468,0.4609053497942387,0.06730421472575321,0.06041736306944656
2018 基准下跌年,510300全年收益 -28.41%,2018-01-02,2018-12-28,Top2,-0.2840842598010517,-0.35432654141307107,243,-0.1970365667203947,-0.20353630965210423,0.22251143084868297,-0.29248109670838385,-0.9108099876931397,-0.6958956046825776,0.49382716049382713,0.08704769308065696,0.061845444704687225
2018 基准下跌年,510300全年收益 -28.41%,2018-01-02,2018-12-28,Top3,-0.2840842598010517,-0.35432654141307107,243,-0.18101505446192256,-0.18704984970683924,0.2214345283275497,-0.27948758249635386,-0.8238511304776055,-0.6692599650980181,0.49382716049382713,0.10306920533912911,0.07483895891671721
2019 基准上涨年,510300全年收益 47.32%,2019-01-02,2019-12-31,Top1,0.47323252962811724,-0.15475189234650932,244,0.7086395217994037,0.738914909509049,0.4405108361422284,-0.2504315315199618,1.4769806458471275,2.9505665880981544,0.5,0.23540699217128647,-0.09567963917345246
2019 基准上涨年,510300全年收益 47.32%,2019-01-02,2019-12-31,Top2,0.47323252962811724,-0.15475189234650932,244,0.4733331083085577,0.49217243225304586,0.30982725030847186,-0.16813019793203254,1.4474865094719085,2.9273291669591024,0.5327868852459017,0.00010057868044044405,-0.01337830558552322
2019 基准上涨年,510300全年收益 47.32%,2019-01-02,2019-12-31,Top3,0.47323252962811724,-0.15475189234650932,244,0.4254208340219978,0.44208353063891503,0.27687862871612595,-0.18202719193918704,1.4613115931494813,2.428667529995241,0.5286885245901639,-0.04781169560611942,-0.027275299592677715
2020 基准上涨年,510300全年收益 33.04%,2020-01-02,2020-12-31,Top1,0.330374479889044,-0.18216114254917803,243,3.69288870790703,3.9694509988920963,0.5346817267268087,-0.3513071895424831,3.2772572378455282,11.299088424753334,0.6049382716049383,3.362514228017986,-0.16914604699330504
2020 基准上涨年,510300全年收益 33.04%,2020-01-02,2020-12-31,Top2,0.330374479889044,-0.18216114254917803,243,2.023846664399515,2.150346145239845,0.4035747183214815,-0.2634912495433225,3.0532135536499783,8.160977447891646,0.6460905349794238,1.6934721845104712,-0.08133010699414445
2020 基准上涨年,510300全年收益 33.04%,2020-01-02,2020-12-31,Top3,0.330374479889044,-0.18216114254917803,243,1.1161635379528279,1.1757380450107564,0.39034282942353365,-0.23845479209841358,2.1938058592620453,4.930653876419112,0.6172839506172839,0.7857890580637839,-0.05629364954923555
2021 基准震荡年,510300全年收益 -4.32%,2021-01-04,2021-12-31,Top1,-0.04316096747289333,-0.1852264291017075,243,0.04104134607796284,0.04259332589278175,0.5181494642456466,-0.3657794057714042,0.3408986926994842,0.11644539091246892,0.5308641975308642,0.08420231355085617,-0.18055297666969672
2021 基准震荡年,510300全年收益 -4.32%,2021-01-04,2021-12-31,Top2,-0.04316096747289333,-0.1852264291017075,243,0.15726160146394252,0.16353877208048306,0.3699455505534768,-0.26809552131174264,0.5945426685997008,0.610001880226561,0.5061728395061729,0.20042256893683585,-0.08286909221003513
2021 基准震荡年,510300全年收益 -4.32%,2021-01-04,2021-12-31,Top3,-0.04316096747289333,-0.1852264291017075,243,0.057054868472411924,0.05922941310545626,0.32955350861639704,-0.2599117511636645,0.33900753269020073,0.2278827826763398,0.5102880658436214,0.10021583594530525,-0.074685322061957
2022 基准下跌年,510300全年收益 -21.68%,2022-01-04,2022-12-30,Top1,-0.2168228372194373,-0.29534018814263807,242,-0.2669307891842071,-0.2762768615717701,0.3951288345234212,-0.32342116122949327,-0.6189774783686689,-0.8542324828761885,0.49173553719008267,-0.050107951964769804,-0.0280809730868552
2022 基准下跌年,510300全年收益 -21.68%,2022-01-04,2022-12-30,Top2,-0.2168228372194373,-0.29534018814263807,242,-0.2300033481569821,-0.2382748538431264,0.34565449142985705,-0.329306145544236,-0.6132961862890095,-0.7235663745337505,0.4793388429752066,-0.013180510937544798,-0.03396595740159791
2022 基准下跌年,510300全年收益 -21.68%,2022-01-04,2022-12-30,Top3,-0.2168228372194373,-0.29534018814263807,242,-0.19549171772253637,-0.20269071456021315,0.3270907677322744,-0.30032957799163484,-0.5280911340166596,-0.6748942808618695,0.4793388429752066,0.02133111949690092,-0.0049893898489967725
2023 基准震荡年,510300全年收益 -10.43%,2023-01-03,2023-12-29,Top1,-0.10434056761268795,-0.21299363057324894,242,0.2591671537720657,0.2712151598990451,0.35226289228003793,-0.30691829032783935,0.856560314176737,0.8836721969529499,0.4669421487603306,0.3635077213847536,-0.09392465975459041
2023 基准震荡年,510300全年收益 -10.43%,2023-01-03,2023-12-29,Top2,-0.10434056761268795,-0.21299363057324894,242,0.10988959650225216,0.11468163485714333,0.2693857179984962,-0.23927167228223967,0.5372842762942563,0.4792946601796947,0.4793388429752066,0.2142301641149401,-0.02627804170899073
2023 基准震荡年,510300全年收益 -10.43%,2023-01-03,2023-12-29,Top3,-0.10434056761268795,-0.21299363057324894,242,-0.006485495047465761,-0.006752583875979212,0.22490874422669055,-0.252333034977517,0.08240788946921174,-0.026760601823621194,0.47107438016528924,0.09785507256522219,-0.039339404404268086
2024 基准上涨年,510300全年收益 18.39%,2024-01-02,2024-12-31,Top1,0.18390804597701127,-0.13129858911603742,242,0.2715012931779579,0.2841844832143936,0.3689283036132225,-0.2216387575628106,0.8599944232005452,1.2821966985348132,0.47107438016528924,0.08759324720094663,-0.09034016844677317
2024 基准上涨年,510300全年收益 18.39%,2024-01-02,2024-12-31,Top2,0.18390804597701127,-0.13129858911603742,242,0.20450715580458323,0.21380414210040843,0.32465859091732086,-0.20081116135701937,0.7568648511653336,1.0647024829475937,0.49173553719008267,0.02059910982757196,-0.06951257224098195
2024 基准上涨年,510300全年收益 18.39%,2024-01-02,2024-12-31,Top3,0.18390804597701127,-0.13129858911603742,242,0.14669006004483975,0.15319432404886224,0.30944779541608497,-0.1957860406348827,0.6126492495842368,0.7824578481289743,0.4793388429752066,-0.037217985932171516,-0.06448745151884527
2025 基准上涨年,510300全年收益 21.49%,2025-01-02,2025-12-31,Top1,0.21490422461296155,-0.10620831195484881,243,0.45847158821348866,0.47900032204772214,0.3152943228803931,-0.18321836852754314,1.4012819623332402,2.6143684495024537,0.5308641975308642,0.2435673636005271,-0.07701005657269433
2025 基准上涨年,510300全年收益 21.49%,2025-01-02,2025-12-31,Top2,0.21490422461296155,-0.10620831195484881,243,0.2978027105554977,0.3103930795866334,0.27098618161669863,-0.20494208291312965,1.135231296457125,1.5145404749214053,0.5267489711934157,0.08289848594253613,-0.09873377095828084
2025 基准上涨年,510300全年收益 21.49%,2025-01-02,2025-12-31,Top3,0.21490422461296155,-0.10620831195484881,243,0.19380387862411963,0.20166207650057344,0.2508792130785668,-0.19558099791107675,0.8595822649559086,1.0310923793949631,0.5308641975308642,-0.021100345988841918,-0.08937268595622794
2026 基准震荡年,510300全年收益 7.65%,2026-01-05,2026-06-18,Top1,0.07645788336932946,-0.07631359466221876,109,0.07421100136591896,0.17998602474182301,0.42829242759420266,-0.315953148403718,0.6009020610835178,0.5696604881171838,0.48623853211009177,-0.0022468820034104997,-0.23963955374149926
2026 基准震荡年,510300全年收益 7.65%,2026-01-05,2026-06-18,Top2,0.07645788336932946,-0.07631359466221876,109,0.08514956835672272,0.20795110401017047,0.34818551513373314,-0.23816492941852374,0.7181189013198963,0.8731390659316639,0.5688073394495413,0.008691684987393256,-0.16185133475630498
2026 基准震荡年,510300全年收益 7.65%,2026-01-05,2026-06-18,Top3,0.07645788336932946,-0.07631359466221876,109,0.049824252154005766,0.11897409452940932,0.3033904475292425,-0.23441733020377564,0.5234367124177085,0.5075311387003121,0.5779816513761468,-0.026633631215323694,-0.15810373554155688
