total_return,annualized_return,annualized_volatility,max_drawdown,sharpe_like_no_rf,segment_key,segment_name,segment_start,segment_end,actual_start,actual_end,trading_days,strategy_key,strategy_name,window_label,lookback_days,top_n
1.8848009710122877,0.10068584966952687,0.34677316864562424,-0.7016279504620715,0.4504165992883026,full_sample,全样本,2015-01-05,2026-06-18,2015-01-05,2026-06-18,2783,top1_1m,Top1 1m,1m,21,1
4.2647888439769295,0.278263913609164,0.3452529725136808,-0.356744385119547,0.8844546855275486,in_sample,样本内,2015-01-05,2021-12-31,2015-01-05,2021-12-31,1705,top1_1m,Top1 1m,1m,21,1
-0.4465201220466083,-0.12914493146251926,0.3487763178003845,-0.620251655063399,-0.22191338660224363,out_of_sample,样本外,2022-01-01,2026-06-18,2022-01-04,2026-06-18,1078,top1_1m,Top1 1m,1m,21,1
0.046710862041726475,0.008993107115385701,0.3675031348539663,-0.7016279504620715,0.20819678859247306,full_universe,完整ETF池期,2021-03-02,2026-06-18,2021-03-02,2026-06-18,1285,top1_1m,Top1 1m,1m,21,1
1.3259466516407947,0.07943257915030122,0.27682714889755256,-0.6210763600161968,0.4150771447146294,full_sample,全样本,2015-01-05,2026-06-18,2015-01-05,2026-06-18,2783,top2_1m,Top2 1m,1m,21,2
2.526118773161121,0.20473300440458186,0.2704973830320269,-0.3796172007024935,0.8245624008996112,in_sample,样本内,2015-01-05,2021-12-31,2015-01-05,2021-12-31,1705,top2_1m,Top2 1m,1m,21,2
-0.3307163385192968,-0.08959725469673652,0.2862672273418965,-0.5505792484376388,-0.18429775012506885,out_of_sample,样本外,2022-01-01,2026-06-18,2022-01-04,2026-06-18,1078,top2_1m,Top2 1m,1m,21,2
0.026806698886310487,0.005201286112198833,0.29900568480991363,-0.6210763600161968,0.16709395078045083,full_universe,完整ETF池期,2021-03-02,2026-06-18,2021-03-02,2026-06-18,1285,top2_1m,Top2 1m,1m,21,2
0.5091649128153533,0.03796943818357823,0.2525116644727009,-0.6896844793287291,0.2745557909555729,full_sample,全样本,2015-01-05,2026-06-18,2015-01-05,2026-06-18,2783,top3_1m,Top3 1m,1m,21,3
2.0601526383880784,0.17975849575987812,0.25069032076700937,-0.4229061562338323,0.7858584050464652,in_sample,样本内,2015-01-05,2021-12-31,2015-01-05,2021-12-31,1705,top3_1m,Top3 1m,1m,21,3
-0.4981834653378675,-0.14886681279308456,0.25483658140868615,-0.5964158081769788,-0.5045685452188264,out_of_sample,样本外,2022-01-01,2026-06-18,2022-01-04,2026-06-18,1078,top3_1m,Top3 1m,1m,21,3
-0.3607551526469295,-0.08401237617403146,0.26417682749433374,-0.6896844793287291,-0.1999343922743991,full_universe,完整ETF池期,2021-03-02,2026-06-18,2021-03-02,2026-06-18,1285,top3_1m,Top3 1m,1m,21,3
15.07799051698543,0.28594976932888483,0.37705559765561797,-0.4728234383157832,0.8560032085789259,full_sample,全样本,2015-01-05,2026-06-18,2015-01-05,2026-06-18,2783,top1_2m,Top1 2m,2m,42,1
7.743776080509926,0.37779203109413206,0.38322997956035004,-0.3657794057714052,1.0287863063736122,in_sample,样本内,2015-01-05,2021-12-31,2015-01-05,2021-12-31,1705,top1_2m,Top1 2m,2m,42,1
0.8573753579781616,0.15573872504824537,0.36710420191494464,-0.3889413535191546,0.5775236462129164,out_of_sample,样本外,2022-01-01,2026-06-18,2022-01-04,2026-06-18,1078,top1_2m,Top1 2m,2m,42,1
1.1876576663778726,0.16593139223313513,0.3904425467598609,-0.4728234383157832,0.5884473857756535,full_universe,完整ETF池期,2021-03-02,2026-06-18,2021-03-02,2026-06-18,1285,top1_2m,Top1 2m,2m,42,1
7.069698924361342,0.2081357050431778,0.3035751051174634,-0.4605813684692449,0.7750433376052053,full_sample,全样本,2015-01-05,2026-06-18,2015-01-05,2026-06-18,2783,top2_2m,Top2 2m,2m,42,2
4.566485102859146,0.28883498588357504,0.29975452928975715,-0.3776006123503226,0.9970940065178606,in_sample,样本内,2015-01-05,2021-12-31,2015-01-05,2021-12-31,1705,top2_2m,Top2 2m,2m,42,2
0.46614400136659095,0.0935697399922486,0.30950369316424753,-0.3676146953496714,0.4436637053740049,out_of_sample,样本外,2022-01-01,2026-06-18,2022-01-04,2026-06-18,1078,top2_2m,Top2 2m,2m,42,2
0.8366491538884582,0.12662115347665304,0.3161597965907349,-0.4605813684692449,0.5351412725379046,full_universe,完整ETF池期,2021-03-02,2026-06-18,2021-03-02,2026-06-18,1285,top2_2m,Top2 2m,2m,42,2
2.7686481059547874,0.127647782919744,0.2839686883264098,-0.49786239701410173,0.5655860090369511,full_sample,全样本,2015-01-05,2026-06-18,2015-01-05,2026-06-18,2783,top3_2m,Top3 2m,2m,42,3
2.280841284828047,0.19196339456875355,0.28411725074092764,-0.3776006123503226,0.7611127363070267,in_sample,样本内,2015-01-05,2021-12-31,2015-01-05,2021-12-31,1705,top3_2m,Top3 2m,2m,42,3
0.16685095836115482,0.03673064148381999,0.2836731996569628,-0.40653612722836063,0.26880161374190076,out_of_sample,样本外,2022-01-01,2026-06-18,2022-01-04,2026-06-18,1078,top3_2m,Top3 2m,2m,42,3
0.37449826937437014,0.06436678516245853,0.2888535219670058,-0.49786239701410173,0.3601156954921961,full_universe,完整ETF池期,2021-03-02,2026-06-18,2021-03-02,2026-06-18,1285,top3_2m,Top3 2m,2m,42,3
-0.08497975022150683,-0.00800939422550151,0.35805039661164856,-0.8046472943498663,0.15751589392972748,full_sample,全样本,2015-01-05,2026-06-18,2015-01-05,2026-06-18,2783,top1_3m,Top1 3m,3m,63,1
0.2444651727639937,0.03285297724740066,0.3614358284628378,-0.5210124267046802,0.2711453739897499,in_sample,样本内,2015-01-05,2021-12-31,2015-01-05,2021-12-31,1705,top1_3m,Top1 3m,3m,63,1
-0.255171838469457,-0.0665500565607321,0.352702297222617,-0.6134001429419487,-0.018153584583285053,out_of_sample,样本外,2022-01-01,2026-06-18,2022-01-04,2026-06-18,1078,top1_3m,Top1 3m,3m,63,1
-0.4693905346530869,-0.11686740735732526,0.36937098840889787,-0.7362262466327607,-0.15083121224094312,full_universe,完整ETF池期,2021-03-02,2026-06-18,2021-03-02,2026-06-18,1285,top1_3m,Top1 3m,3m,63,1
1.4665511409528929,0.08518471791751936,0.296930518924814,-0.5303756451841646,0.4248289293280434,full_sample,全样本,2015-01-05,2026-06-18,2015-01-05,2026-06-18,2783,top2_3m,Top2 3m,3m,63,2
1.5591387334779636,0.14899068396213333,0.3010563184873256,-0.4150787039319308,0.6132449961036042,in_sample,样本内,2015-01-05,2021-12-31,2015-01-05,2021-12-31,1705,top2_3m,Top2 3m,3m,63,2
-0.034994674743835885,-0.008292566521395761,0.290327770350637,-0.4647479270031125,0.11691305931058919,out_of_sample,样本外,2022-01-01,2026-06-18,2022-01-04,2026-06-18,1078,top2_3m,Top2 3m,3m,63,2
0.1484695080484184,0.027519247733318597,0.2989899681192312,-0.5303756451841645,0.24063690347545041,full_universe,完整ETF池期,2021-03-02,2026-06-18,2021-03-02,2026-06-18,1285,top2_3m,Top2 3m,3m,63,2
1.5892058240967266,0.08996395697183712,0.27283130754605367,-0.4505748779042891,0.45301569026891514,full_sample,全样本,2015-01-05,2026-06-18,2015-01-05,2026-06-18,2783,top3_3m,Top3 3m,3m,63,3
1.6670820052136253,0.156028191772573,0.2776725934188439,-0.4033902026952192,0.6621780927580359,in_sample,样本内,2015-01-05,2021-12-31,2015-01-05,2021-12-31,1705,top3_3m,Top3 3m,3m,63,3
-0.04089183530408669,-0.009712597608373952,0.26494571198123956,-0.3943697568143354,0.09594048718426076,out_of_sample,样本外,2022-01-01,2026-06-18,2022-01-04,2026-06-18,1078,top3_3m,Top3 3m,3m,63,3
0.2331720313472181,0.04195882077277191,0.2753065517643159,-0.4505748779042891,0.2871988033833799,full_universe,完整ETF池期,2021-03-02,2026-06-18,2021-03-02,2026-06-18,1285,top3_3m,Top3 3m,3m,63,3
8.39287134518161,0.2248606016705732,0.3579996325578171,-0.4581035887592667,0.746471558837594,full_sample,全样本,2015-01-05,2026-06-18,2015-01-05,2026-06-18,2783,top1_6m,Top1 6m,6m,126,1
3.9191302385562237,0.2654981064139892,0.35866395183611666,-0.40181799461300816,0.8370308726277779,in_sample,样本内,2015-01-05,2021-12-31,2015-01-05,2021-12-31,1705,top1_6m,Top1 6m,6m,126,1
1.0071489012942245,0.1768819217523001,0.3562830287729797,-0.4077314112446867,0.6356126399185249,out_of_sample,样本外,2022-01-01,2026-06-18,2022-01-04,2026-06-18,1078,top1_6m,Top1 6m,6m,126,1
2.2180404987919697,0.25760205062367203,0.3943900412989539,-0.4581035887592667,0.7791794949349619,full_universe,完整ETF池期,2021-03-02,2026-06-18,2021-03-02,2026-06-18,1285,top1_6m,Top1 6m,6m,126,1
3.7373139802151654,0.15124903774558507,0.28728843228606443,-0.4344090503904182,0.6350780342596856,full_sample,全样本,2015-01-05,2026-06-18,2015-01-05,2026-06-18,2783,top2_6m,Top2 6m,6m,126,2
2.717432936896576,0.21417775230219704,0.2847818128295638,-0.3118751949243045,0.8255594234423196,in_sample,样本内,2015-01-05,2021-12-31,2015-01-05,2021-12-31,1705,top2_6m,Top2 6m,6m,126,2
0.3225381162926855,0.06753257743368124,0.29071888400889434,-0.3919016077437909,0.3704233868710577,out_of_sample,样本外,2022-01-01,2026-06-18,2022-01-04,2026-06-18,1078,top2_6m,Top2 6m,6m,126,2
0.821938290023114,0.12484577899434401,0.30441678533236066,-0.4344090503904182,0.5390902182023737,full_universe,完整ETF池期,2021-03-02,2026-06-18,2021-03-02,2026-06-18,1285,top2_6m,Top2 6m,6m,126,2
2.856277981664355,0.12999729956134254,0.2637501061394272,-0.42356525955009694,0.5959603185931023,full_sample,全样本,2015-01-05,2026-06-18,2015-01-05,2026-06-18,2783,top3_6m,Top3 6m,6m,126,3
2.393270652134629,0.1979142347919043,0.2582679939903901,-0.3118751949243046,0.8293638215610096,in_sample,样本内,2015-01-05,2021-12-31,2015-01-05,2021-12-31,1705,top3_6m,Top3 6m,6m,126,3
0.16867051544068934,0.03710833429136717,0.2718866074218546,-0.4093376590957428,0.27016918384087263,out_of_sample,样本外,2022-01-01,2026-06-18,2022-01-04,2026-06-18,1078,top3_6m,Top3 6m,6m,126,3
0.5744268409664659,0.09309393200188198,0.28008420157651065,-0.42356525955009694,0.45806017127191306,full_universe,完整ETF池期,2021-03-02,2026-06-18,2021-03-02,2026-06-18,1285,top3_6m,Top3 6m,6m,126,3
2.900538609445687,0.13116560906335262,0.36511636130661207,-0.5898130446616332,0.5205379837750602,full_sample,全样本,2015-01-05,2026-06-18,2015-01-05,2026-06-18,2783,top1_9m,Top1 9m,9m,189,1
1.7666707943374673,0.16230893291560555,0.36337850008769984,-0.5782948101228007,0.5958210393315038,in_sample,样本内,2015-01-05,2021-12-31,2015-01-05,2021-12-31,1705,top1_9m,Top1 9m,9m,189,1
0.4459153305797732,0.09002383317642737,0.3677944080607288,-0.48143397156590717,0.4188591338900789,out_of_sample,样本外,2022-01-01,2026-06-18,2022-01-04,2026-06-18,1078,top1_9m,Top1 9m,9m,189,1
0.574189146971031,0.09306156690003609,0.40266959562212634,-0.5898130446616333,0.42318163110517404,full_universe,完整ETF池期,2021-03-02,2026-06-18,2021-03-02,2026-06-18,1285,top1_9m,Top1 9m,9m,189,1
2.2157385706360575,0.11156317873088106,0.28509782863251937,-0.4822158351269771,0.5139611985043084,full_sample,全样本,2015-01-05,2026-06-18,2015-01-05,2026-06-18,2783,top2_9m,Top2 9m,9m,189,2
1.2708681914399103,0.12887375348747887,0.2645969848427408,-0.4822158351269771,0.5909282257903541,in_sample,样本内,2015-01-05,2021-12-31,2015-01-05,2021-12-31,1705,top2_9m,Top2 9m,9m,189,2
0.469481556882978,0.09415117571930187,0.3144303039802836,-0.3751549087901058,0.44359150099249345,out_of_sample,样本外,2022-01-01,2026-06-18,2022-01-04,2026-06-18,1078,top2_9m,Top2 9m,9m,189,2
0.7890623364337543,0.1208361149701429,0.3282050904413013,-0.45207347551662647,0.5120616292209585,full_universe,完整ETF池期,2021-03-02,2026-06-18,2021-03-02,2026-06-18,1285,top2_9m,Top2 9m,9m,189,2
2.3720191459164472,0.11634985187120628,0.2576629151553729,-0.4079416025934971,0.5564087614469448,full_sample,全样本,2015-01-05,2026-06-18,2015-01-05,2026-06-18,2783,top3_9m,Top3 9m,9m,189,3
1.7168351150776089,0.15919048496922117,0.23764967631271164,-0.4079416025934971,0.7409011809212734,in_sample,样本内,2015-01-05,2021-12-31,2015-01-05,2021-12-31,1705,top3_9m,Top3 9m,9m,189,3
0.26336594947067393,0.05617064130858651,0.28643128468454004,-0.32333401440656484,0.33425696299686364,out_of_sample,样本外,2022-01-01,2026-06-18,2022-01-04,2026-06-18,1078,top3_9m,Top3 9m,9m,189,3
0.6954426295931628,0.10908407032582446,0.2951155840850581,-0.3829488441016652,0.4987036192781043,full_universe,完整ETF池期,2021-03-02,2026-06-18,2021-03-02,2026-06-18,1285,top3_9m,Top3 9m,9m,189,3
1.217357105203852,0.07476950778358615,0.34066099598959654,-0.7182033908649332,0.3827971703031257,full_sample,全样本,2015-01-05,2026-06-18,2015-01-05,2026-06-18,2783,top1_12m,Top1 12m,12m,252,1
1.2736792685930332,0.12908018377232233,0.3270814814540473,-0.4711743469508365,0.5354899725333545,in_sample,样本内,2015-01-05,2021-12-31,2015-01-05,2021-12-31,1705,top1_12m,Top1 12m,12m,252,1
0.0001893061693998277,4.425018106846146e-05,0.3610029250503814,-0.651910722784991,0.18135062863810478,out_of_sample,样本外,2022-01-01,2026-06-18,2022-01-04,2026-06-18,1078,top1_12m,Top1 12m,12m,252,1
-0.23298266300174397,-0.050687356793162164,0.399979776567466,-0.7182033908649333,0.07114576442371941,full_universe,完整ETF池期,2021-03-02,2026-06-18,2021-03-02,2026-06-18,1285,top1_12m,Top1 12m,12m,252,1
2.0774640586197686,0.10714820732450225,0.2637740181048987,-0.5511054235403627,0.5183753561594195,full_sample,全样本,2015-01-05,2026-06-18,2015-01-05,2026-06-18,2783,top2_12m,Top2 12m,12m,252,2
2.3985476215487265,0.19818939166105487,0.2477126413547235,-0.3498307677471618,0.8545407088616755,in_sample,样本内,2015-01-05,2021-12-31,2015-01-05,2021-12-31,1705,top2_12m,Top2 12m,12m,252,2
-0.09257896348545713,-0.0224541593644505,0.28730989533381646,-0.5511054235403627,0.06503385804879688,out_of_sample,样本外,2022-01-01,2026-06-18,2022-01-04,2026-06-18,1078,top2_12m,Top2 12m,12m,252,2
0.287467259843702,0.050800448980841795,0.30781998797231114,-0.5511054235403627,0.31531966840644343,full_universe,完整ETF池期,2021-03-02,2026-06-18,2021-03-02,2026-06-18,1285,top2_12m,Top2 12m,12m,252,2
1.4967619878135268,0.08638161546850198,0.23786787053650021,-0.5418351415248301,0.46770897734358347,full_sample,全样本,2015-01-05,2026-06-18,2015-01-05,2026-06-18,2783,top3_12m,Top3 12m,12m,252,3
1.8176996933513418,0.16545283120010112,0.22573537960899132,-0.3595502688206723,0.7917480139486892,in_sample,样本内,2015-01-05,2021-12-31,2015-01-05,2021-12-31,1705,top3_12m,Top3 12m,12m,252,3
-0.10589992508791768,-0.025827829007873393,0.2558127913776593,-0.5361375187829875,0.025909115392973258,out_of_sample,样本外,2022-01-01,2026-06-18,2022-01-04,2026-06-18,1078,top3_12m,Top3 12m,12m,252,3
0.23682617086219948,0.04256359430317014,0.2715956654617526,-0.5418351415248303,0.28965281087116856,full_universe,完整ETF池期,2021-03-02,2026-06-18,2021-03-02,2026-06-18,1285,top3_12m,Top3 12m,12m,252,3
