Order Id,Column,Timestamp,Size,Price,Fees,Side
0,159928,2015-04-01,284843.31338917394,0.3510351,9.999000099982368,Buy
1,159928,2015-06-01,284843.31338917394,0.45295470000000004,12.902111756319929,Sell
2,512010,2015-06-01,322456.0441952079,0.40004,12.899531591989216,Buy
3,512010,2015-07-01,322456.0441952079,0.34996499999999997,11.284832950677592,Sell
4,159928,2015-07-02,301642.9963891725,0.3740374,11.282576209763647,Buy
5,159928,2015-08-03,301642.9963891725,0.35496449999999996,10.70725553917844,Sell
6,511010,2015-08-03,1022.1877916483975,104.7274717,10.705114302196307,Buy
7,511010,2015-11-02,1022.1877916483975,106.149384,10.850460441579774,Sell
8,512010,2015-11-02,356815.9817728414,0.3040304,10.848290566471405,Buy
9,512010,2016-02-01,356815.9817728414,0.2729727,9.740102194768332,Sell
10,511010,2016-02-02,909.0568512735931,107.1237113,9.738154369115364,Buy
11,511010,2016-04-01,909.0568512735931,109.0550934,9.91372798215516,Sell
12,159928,2016-04-05,304946.28798084694,0.3250325,9.911745434816112,Buy
13,159928,2016-09-01,304946.28798084694,0.3629637,11.068443298679375,Sell
14,512010,2016-09-01,342573.4773694881,0.3230323,11.066229831369128,Buy
15,512010,2016-12-01,342573.4773694881,0.3359664,11.509317792730839,Sell
16,512880,2016-12-01,100840.18906904779,1.1411141,11.507016159332125,Buy
17,512880,2017-01-03,100840.18906904779,1.0398960000000002,10.486330925214654,Sell
18,512010,2017-01-04,314810.3768822895,0.33303330000000003,10.48423386873037,Buy
19,512010,2017-02-03,314810.3768822895,0.3319668,10.450659342040762,Sell
20,512660,2017-02-03,102126.34082793717,1.0231023,10.448569419168052,Buy
21,512660,2017-03-01,102126.34082793717,1.0438956000000001,10.660923783438399,Sell
22,159928,2017-03-02,273977.53314331465,0.3890389,10.658791811874835,Buy
23,159928,2017-05-02,273977.53314331465,0.4059594,11.122375496834014,Sell
24,512010,2017-05-02,314986.95014804223,0.3530353,11.120151244162116,Buy
25,512010,2017-07-03,314986.95014804223,0.3829617,12.062793790650952,Sell
26,159928,2017-07-04,271603.05305335624,0.4440444,12.060381473129382,Buy
27,159928,2017-09-01,271603.05305335624,0.4679532,12.709751780608784,Sell
28,512880,2017-09-01,111848.05889501086,1.1361135999999998,12.707210084423423,Buy
29,512880,2017-10-09,111848.05889501086,1.1118888,12.436260398710298,Sell
30,159928,2017-10-10,241878.01833300895,0.5140514,12.433773395328899,Buy
31,159928,2017-12-01,241878.01833300895,0.5329467,12.890809167311662,Sell
32,512010,2017-12-01,324608.1251640228,0.3970397,12.888231263263151,Buy
33,512010,2018-01-02,324608.1251640228,0.41095889999999996,13.340059804846911,Sell
34,159928,2018-01-03,224891.3735887872,0.5930593,13.337392059649574,Buy
35,159928,2018-03-01,224891.3735887872,0.5819418,13.087369075073127,Sell
36,512800,2018-03-01,246857.4248797634,0.530053,13.084751862974372,Buy
37,512800,2018-04-02,246857.4248797634,0.4929507,12.16885403946768,Sell
38,512010,2018-04-03,268547.54948373884,0.4530453,12.166420512017794,Buy
39,512010,2018-06-01,268547.54948373884,0.5089491,13.667703361695436,Sell
40,159928,2018-06-04,220736.73237441736,0.6190618999999999,13.66497009433806,Buy
41,159928,2018-07-02,220736.73237441736,0.5519448,12.183449160305132,Sell
42,512010,2018-07-02,251648.65154223604,0.4840484,12.181012714121607,Buy
43,512010,2018-08-01,251648.65154223604,0.4509549,11.34821924913639,Sell
44,511010,2018-08-02,1020.9425176783132,111.1321121,11.3459498322336,Buy
45,511010,2018-09-03,1020.9425176783132,110.6229366,11.293965940537241,Sell
46,512800,2018-09-03,241251.67340543435,0.46804680000000004,11.291707373209647,Buy
47,512800,2018-12-03,241251.67340543435,0.4809519,11.603045070252312,Sell
48,512880,2018-12-03,146090.23597987756,0.7940794,11.600724693271331,Buy
49,512880,2019-01-02,146090.23597987756,0.7139286,10.42979976467836,Sell
50,159928,2019-01-03,235365.04167417486,0.4430443,10.427714013305376,Buy
51,159928,2019-03-01,235365.04167417486,0.579942,13.64980729986043,Sell
52,512880,2019-03-01,131461.5899813613,1.0381038,13.647077611356508,Buy
53,512880,2019-05-06,131461.5899813613,0.9049095,11.896084165923867,Sell
54,159928,2019-05-07,176971.96332433086,0.6720672000000001,11.893705186987063,Buy
55,159928,2019-08-01,176971.96332433086,0.7169283,12.687620881377487,Sell
56,512690,2019-08-01,768716.0745094131,0.1650165,12.685083610922447,Buy
57,512690,2019-11-01,768716.0745094131,0.2169783,16.67947070297258,Sell
58,512480,2019-11-04,271571.13510779286,0.6140614,16.676135142392013,Buy
59,512480,2019-12-02,271571.13510779286,0.6359364000000001,17.270197000436344,Sell
60,512800,2019-12-02,316209.09898764075,0.5460546000000001,17.26674330639071,Buy
61,512800,2020-01-02,316209.09898764075,0.5759424,18.211822737277938,Sell
62,512480,2020-01-03,243726.37350629753,0.7470747,18.208180736924987,Buy
63,512480,2020-04-01,243726.37350629753,0.8099190000000001,19.7398620703847,Sell
64,512170,2020-04-02,406885.38347667066,0.4850485,19.73591449271771,Buy
65,512170,2020-05-06,406885.38347667066,0.5359464,21.806875648694113,Sell
66,512690,2020-05-06,872013.3870476263,0.250025,21.802514709648676,Buy
67,512690,2020-11-02,872013.3870476263,0.6739326000000001,58.76782491678132,Sell
68,515030,2020-11-02,455427.8876533815,1.290129,58.75607252703048,Buy
69,515030,2020-12-01,455427.8876533815,1.3608639,61.97753713607426,Sell
70,512690,2020-12-02,844127.3429615328,0.7340734,61.96514286810998,Buy
71,512690,2021-03-01,844127.3429615328,0.8709129,73.5161392227923,Sell
72,512400,2021-03-02,656197.2147885526,1.120112,73.5014374650782,Buy
73,512400,2021-04-01,656197.2147885526,0.9949005,65.28509370917384,Sell
74,515220,2021-04-01,1277211.5742633825,0.5110511,65.27203799597919,Buy
75,515220,2021-05-06,1277211.5742633825,0.59994,76.62503118635738,Sell
76,512690,2021-05-07,830824.8102789231,0.9220922,76.60970771242864,Buy
77,512690,2021-07-01,830824.8102789231,1.079892,89.72010660217269,Sell
78,512480,2021-07-02,699089.5951330429,1.2831283,89.7021643751068,Buy
79,512480,2021-09-01,699089.5951330429,1.3038696,91.15216707702827,Sell
80,515220,2021-09-01,989411.7913558688,0.9210921000000001,91.13393846643157,Buy
81,515220,2021-11-01,989411.7913558688,0.8199179999999999,81.12365371449212,Sell
82,512690,2021-11-02,933248.7994705715,0.8690869,81.10743060603272,Buy
83,512690,2021-12-01,933248.7994705715,0.9269073000000001,86.50351249455089,Sell
84,512660,2021-12-02,600121.8998290958,1.4411441,86.48621352191549,Buy
85,512660,2022-01-04,600121.8998290958,1.4428557000000002,86.58893038632401,Sell
86,512980,2022-01-04,971525.9038838225,0.8910891,86.57161433179863,Buy
87,512980,2022-02-07,971525.9038838225,0.719928,69.94287009312727,Sell
88,512800,2022-02-08,1151925.7121705648,0.6070607,69.92888291785493,Buy
89,512800,2022-03-01,1151925.7121705648,0.5919407999999999,68.18718276028139,Sell
90,515220,2022-03-01,721341.0583527533,0.9450945,68.17354668735061,Buy
91,515220,2022-07-01,721341.0583527533,1.1148885,80.42148505353137,Sell
92,515790,2022-07-01,481709.7820762533,1.6691669,80.40540236479137,Buy
93,515790,2022-09-01,481709.7820762533,1.6088391,77.49935322567555,Sell
94,515220,2022-09-02,662188.9512319068,1.1701169999999999,77.48385490488727,Buy
95,515220,2022-11-01,662188.9512319068,1.0138986,67.13924505894987,Sell
96,515230,2022-11-01,816534.144062342,0.8220822,67.12581855256576,Buy
97,515230,2023-01-03,816534.144062342,0.8249175,67.3573304784547,Sell
98,512690,2023-01-04,804505.6947037783,0.8370837,67.34386035939679,Buy
99,512690,2023-03-01,804505.6947037783,0.9409059,75.69641547303837,Sell
100,515230,2023-03-01,796565.3719230256,0.9500949999999999,75.68127770372666,Buy
101,515230,2023-04-03,796565.3719230256,1.1858814,94.46320584475983,Sell
102,512980,2023-04-04,1070690.1542574323,0.8820882,94.44431509263813,Buy
103,512980,2023-07-03,1070690.1542574323,0.859914,92.07014533081257,Sell
104,512660,2023-07-04,811662.5122581674,1.1341134,92.05173314292915,Buy
105,512660,2023-08-01,811662.5122581674,1.0808919,87.73194350335038,Sell
106,512880,2023-08-01,867513.6330987391,1.0111010999999999,87.71439886908047,Buy
107,512880,2023-10-09,867513.6330987391,0.9349065000000001,81.10441344226264,Sell
108,515220,2023-10-09,780366.565667786,1.0391039,81.08819418144412,Buy
109,515220,2023-12-01,780366.565667786,1.0808919,84.3491899861128,Sell
110,512480,2023-12-04,1003855.8267379298,0.8400839999999999,84.33232183486689,Buy
111,512480,2024-01-02,1003855.8267379298,0.7899210000000001,79.29667985126524,Sell
112,515220,2024-01-02,712885.7447085327,1.1121112000000002,79.28082210104913,Buy
113,515220,2024-02-01,712885.7447085327,1.1038896,78.69471595720044,Sell
114,512800,2024-02-02,1417497.5040828518,0.5550555,78.67897858773358,Buy
115,512800,2024-03-01,1417497.5040828518,0.5819418,82.49010490214822,Sell
116,515220,2024-03-01,663972.3187971454,1.2421242,82.473608530825,Buy
117,515220,2024-04-01,663972.3187971454,1.1498849999999998,76.34918098000556,Sell
118,512400,2024-04-02,724845.9643175331,1.0531053,76.33391267061234,Buy
119,512400,2024-06-03,724845.9643175331,1.0188981,73.85441758358023,Sell
120,515220,2024-06-03,598801.8244161322,1.2331233000000001,73.83964817703236,Buy
121,515220,2024-07-01,598801.8244161322,1.1928807000000001,71.4299139470793,Sell
122,512480,2024-07-02,1030425.5201138663,0.6930692999999999,71.41562939272262,Buy
123,512480,2024-09-02,1030425.5201138663,0.6539346,67.38309003254531,Sell
124,512880,2024-09-02,849468.8332183914,0.7930793,67.36961476202123,Buy
125,512880,2024-11-01,849468.8332183914,1.1528847,97.93396209443353,Sell
126,515230,2024-11-01,1310637.0388462897,0.7470747,97.91437726048753,Buy
127,515230,2025-01-02,1310637.0388462897,0.7439256,97.50164455059493,Sell
128,512480,2025-01-03,1034738.8421616727,0.9420942,97.4821461715037,Buy
129,512480,2025-02-05,1034738.8421616727,1.0168982999999998,105.22241695381732,Sell
130,512800,2025-02-05,1421498.0471502102,0.740074,105.2013745745644,Buy
131,512800,2025-03-03,1421498.0471502102,0.7429257,105.60674317277031,Sell
132,515030,2025-03-03,778577.1860576436,1.3561356,105.58562393602915,Buy
133,515030,2025-04-01,778577.1860576436,1.2648735,98.48016503488829,Sell
134,515230,2025-04-01,1187582.9422038216,0.8290829,98.46047097130213,Buy
135,515230,2025-05-06,1187582.9422038216,0.8319168,98.79702010127883,Sell
136,512400,2025-05-07,945142.4491330906,1.0451044999999999,98.77726267301477,Buy
137,512400,2025-06-03,945142.4491330906,1.0418958,98.47399481534808,Sell
138,512800,2025-06-03,1197621.137955158,0.8220822,98.4543019856792,Buy
139,512800,2025-07-01,1197621.137955158,0.8689131,104.0628695606144,Sell
140,512660,2025-07-02,928854.070555012,1.120112,104.04205906775314,Buy
141,512660,2025-08-01,928854.070555012,1.1668833,108.38643030676654,Sell
142,512400,2025-08-04,880926.1772051821,1.230123,108.36475518811494,Buy
143,512400,2025-09-01,880926.1772051821,1.5178482,133.7112212403767,Sell
144,512480,2025-09-01,952752.0638533839,1.4031403,133.68448167014867,Buy
145,512480,2025-11-03,952752.0638533839,1.4518548,138.3257657115442,Sell
146,515030,2025-11-03,741470.6428801655,1.8651865,138.2981033246033,Buy
147,515030,2025-12-01,741470.6428801655,1.8138186,134.48932434100018,Sell
148,512400,2025-12-02,776712.7918383754,1.7311731000000001,134.46242916560732,Buy
149,512400,2026-01-05,776712.7918383754,1.9808019000000001,153.85141738277585,Sell
150,512660,2026-01-05,1093143.352161017,1.4071407,153.8206501759123,Buy
151,512660,2026-02-02,1093143.352161017,1.4198579999999998,155.21083337126373,Sell
152,512400,2026-02-03,689925.646423778,2.2492249,155.17979430849664,Buy
153,512400,2026-04-01,689925.646423778,2.0257973999999996,139.76495807186086,Sell
154,515220,2026-04-01,1151879.9305169743,1.2131213,139.7370078752283,Buy
155,515220,2026-05-06,1151879.9305169743,1.3218678000000001,152.2632989616626,Sell
156,515030,2026-05-07,697605.9925942868,2.1822182,152.23284934670664,Buy
157,515030,2026-06-01,697605.9925942868,1.9328067,134.8337536446388,Sell
158,512480,2026-06-02,648044.7608619682,2.080208,134.80678959027864,Buy
