symbol,name,sma_window,regime,start,end,days,years_included,bh_total_return,bh_annualized_return,bh_max_drawdown,bh_sharpe,bh_calmar,sma_total_return,sma_annualized_return,sma_max_drawdown,sma_sharpe,sma_calmar,excess_total_return,drawdown_improvement,trades,time_in_market
159915,创业板ETF易方达,50,趋势期,2015-01-05,2026-06-18,2054,"2015,2016,2018,2019,2020,2022,2023,2025,2026",1.6770113241271454,0.12841099429613378,-0.6519215954394004,0.522636936165934,0.19697306423724734,1.3888280051818227,0.11275238725272141,-0.4345123495874147,0.6001335475406937,0.2594917897265381,-0.2881833189453227,0.21740924585198573,138,0.502921129503408
159915,创业板ETF易方达,50,上涨趋势期,2015-01-05,2026-06-18,1083,"2015,2019,2020,2025,2026",7.691965902178488,0.6539429876666099,-0.5691292875989447,1.4737873953358769,1.1490236083710945,3.511388705744997,0.41987291879802147,-0.21578103897332335,1.4305800999449034,1.9458286084623482,-4.180577196433491,0.3533482486256213,57,0.6823638042474608
159915,创业板ETF易方达,50,下跌趋势期,2016-01-04,2023-12-29,971,"2016,2018,2022,2023",-0.6920131355489794,-0.26335088322001987,-0.678998361110167,-0.9460420811359483,-0.3878520160040436,-0.4704894299753465,-0.15211253264065572,-0.5020592534606865,-1.1788342152496611,-0.302977251374507,0.22152370557363288,0.1769391076494805,81,0.3027806385169928
159915,创业板ETF易方达,50,震荡期,2017-01-03,2024-12-31,728,"2017,2021,2024",0.11986573661747624,0.039965626924974185,-0.25504107542942467,0.2787707928551609,0.15670270703525765,0.27260886813490615,0.08702756713649773,-0.2550410754294248,0.43841634940071234,0.3412296117006458,0.1527431315174299,-1.1102230246251565e-16,35,0.48214285714285715
159915,创业板ETF易方达,50,最差年份,2022-01-04,2022-12-30,242,2022,-0.29179614667495324,-0.3018214868319661,-0.3386176284083703,-1.137059654301627,-0.8913342410749261,-0.0622504020550968,-0.06473764896156542,-0.19117808264362013,-0.4504587529816313,-0.33862484687768574,0.22954574461985644,0.14743954576475016,18,0.2892561983471074
159915,创业板ETF易方达,100,趋势期,2015-01-05,2026-06-18,2054,"2015,2016,2018,2019,2020,2022,2023,2025,2026",1.6770113241271454,0.12841099429613378,-0.6519215954394004,0.522636936165934,0.19697306423724734,-0.19860834874528233,-0.026798059003895425,-0.7042503852870116,-0.01705422162219822,-0.03805189115086404,-1.8756196728724277,-0.052328789847611135,93,0.46932814021421615
159915,创业板ETF易方达,100,上涨趋势期,2015-01-05,2026-06-18,1083,"2015,2019,2020,2025,2026",7.691965902178488,0.6539429876666099,-0.5691292875989447,1.4737873953358769,1.1490236083710945,0.5308063472530704,0.10415116654822643,-0.502506414650385,0.5014078632142305,0.207263357266173,-7.161159554925417,0.06662287294855962,50,0.6795937211449676
159915,创业板ETF易方达,100,下跌趋势期,2016-01-04,2023-12-29,971,"2016,2018,2022,2023",-0.6920131355489794,-0.26335088322001987,-0.678998361110167,-0.9460420811359483,-0.3878520160040436,-0.4764905092712999,-0.15461693881573546,-0.42359471077182587,-1.3019476866024247,-0.3650114953843738,0.21552262627767949,0.2554036503383411,43,0.23480947476828012
159915,创业板ETF易方达,100,震荡期,2017-01-03,2024-12-31,728,"2017,2021,2024",0.11986573661747624,0.039965626924974185,-0.25504107542942467,0.2787707928551609,0.15670270703525765,-0.014141218612892081,-0.004917845506188789,-0.2668125614016368,0.11491311380548115,-0.018431836493582047,-0.13400695523036832,-0.011771485972212115,32,0.46565934065934067
159915,创业板ETF易方达,100,最差年份,2022-01-04,2022-12-30,242,2022,-0.29179614667495324,-0.3018214868319661,-0.3386176284083703,-1.137059654301627,-0.8913342410749261,-0.037902363784164006,-0.03943728758849574,-0.10129685807150657,-0.29895300142835085,-0.38932389749597685,0.25389378289078923,0.23732077033686372,2,0.2190082644628099
159915,创业板ETF易方达,150,趋势期,2015-01-05,2026-06-18,2054,"2015,2016,2018,2019,2020,2022,2023,2025,2026",1.6770113241271454,0.12841099429613378,-0.6519215954394004,0.522636936165934,0.19697306423724734,0.7333434765552138,0.06981367140297356,-0.45774471534680417,0.4449886771963691,0.15251660819301904,-0.9436678475719316,0.19417688009259626,71,0.4620253164556962
159915,创业板ETF易方达,150,上涨趋势期,2015-01-05,2026-06-18,1083,"2015,2019,2020,2025,2026",7.691965902178488,0.6539429876666099,-0.5691292875989447,1.4737873953358769,1.1490236083710945,2.3060393151862275,0.3207974255742574,-0.2234646553641617,1.2293616650118449,1.4355622595057844,-5.385926586992261,0.34566463223478294,14,0.7220683287165282
159915,创业板ETF易方达,150,下跌趋势期,2016-01-04,2023-12-29,971,"2016,2018,2022,2023",-0.6920131355489794,-0.26335088322001987,-0.678998361110167,-0.9460420811359483,-0.3878520160040436,-0.47570391295919146,-0.15428746512151614,-0.42578708880084726,-1.7999808922395553,-0.36235825176390163,0.2163092225897879,0.2532112723093197,57,0.17198764160659114
159915,创业板ETF易方达,150,震荡期,2017-01-03,2024-12-31,728,"2017,2021,2024",0.11986573661747624,0.039965626924974185,-0.25504107542942467,0.2787707928551609,0.15670270703525765,-0.06607751175376464,-0.023385921376490426,-0.25504107542942467,0.04233277999055165,-0.0916947253971324,-0.18594324837124088,0.0,28,0.4684065934065934
159915,创业板ETF易方达,150,最差年份,2022-01-04,2022-12-30,242,2022,-0.29179614667495324,-0.3018214868319661,-0.3386176284083703,-1.137059654301627,-0.8913342410749261,-0.15644647664195888,-0.16235606717248163,-0.15644647664195888,-2.3557937348648426,-1.0377738806099632,0.13534967003299436,0.1821711517664114,16,0.09090909090909091
159915,创业板ETF易方达,200,趋势期,2015-01-05,2026-06-18,2054,"2015,2016,2018,2019,2020,2022,2023,2025,2026",1.6770113241271454,0.12841099429613378,-0.6519215954394004,0.522636936165934,0.19697306423724734,1.1143601586502112,0.09621407683732475,-0.4167707031265431,0.5639323810601966,0.23085614251564007,-0.5626511654769342,0.23515089231285735,46,0.44790652385589097
159915,创业板ETF易方达,200,上涨趋势期,2015-01-05,2026-06-18,1083,"2015,2019,2020,2025,2026",7.691965902178488,0.6539429876666099,-0.5691292875989447,1.4737873953358769,1.1490236083710945,2.382475084808131,0.3278407806530954,-0.21034742541561613,1.2157937225255124,1.558568069018812,-5.3094908173703566,0.3587818621833285,16,0.7571560480147738
159915,创业板ETF易方达,200,下跌趋势期,2016-01-04,2023-12-29,971,"2016,2018,2022,2023",-0.6920131355489794,-0.26335088322001987,-0.678998361110167,-0.9460420811359483,-0.3878520160040436,-0.37490739602294976,-0.11479837460386477,-0.31174756222995204,-1.527448183556399,-0.36824145081585885,0.3171057395260296,0.36725079888021495,30,0.10298661174047374
159915,创业板ETF易方达,200,震荡期,2017-01-03,2024-12-31,728,"2017,2021,2024",0.11986573661747624,0.039965626924974185,-0.25504107542942467,0.2787707928551609,0.15670270703525765,-0.029372575731245965,-0.010266675971339678,-0.3022603298916502,0.09373324156625865,-0.033966336154731006,-0.1492383123487222,-0.047219254462225524,27,0.4423076923076923
159915,创业板ETF易方达,200,最差年份,2022-01-04,2022-12-30,242,2022,-0.29179614667495324,-0.3018214868319661,-0.3386176284083703,-1.137059654301627,-0.8913342410749261,-0.04880795525170911,-0.050772740626702006,-0.029506658211794434,-1.4554826659159277,-1.7207214813098377,0.24298819142324413,0.30911097019657585,1,0.008264462809917356
159915,创业板ETF易方达,250,趋势期,2015-01-05,2026-06-18,2054,"2015,2016,2018,2019,2020,2022,2023,2025,2026",1.6770113241271454,0.12841099429613378,-0.6519215954394004,0.522636936165934,0.19697306423724734,1.3642175582298068,0.11133951083682803,-0.313676553453045,0.6627758962059165,0.35495005798542956,-0.31279376589733854,0.3382450419863554,40,0.40555014605647516
159915,创业板ETF易方达,250,上涨趋势期,2015-01-05,2026-06-18,1083,"2015,2019,2020,2025,2026",7.691965902178488,0.6539429876666099,-0.5691292875989447,1.4737873953358769,1.1490236083710945,2.155682668723161,0.3065695083297315,-0.2637585302991041,1.199341417775612,1.1623112548514714,-5.536283233455327,0.30537075729984053,19,0.7174515235457064
159915,创业板ETF易方达,250,下跌趋势期,2016-01-04,2023-12-29,971,"2016,2018,2022,2023",-0.6920131355489794,-0.26335088322001987,-0.678998361110167,-0.9460420811359483,-0.3878520160040436,-0.250806305189614,-0.0722010447380238,-0.250806305189614,-1.2951566577322704,-0.287875716216299,0.44120683035936537,0.428192055920553,21,0.057672502574665295
159915,创业板ETF易方达,250,震荡期,2017-01-03,2024-12-31,728,"2017,2021,2024",0.11986573661747624,0.039965626924974185,-0.25504107542942467,0.2787707928551609,0.15670270703525765,0.21766859054925547,0.07054820639328585,-0.25504107542942456,0.38300478660635595,0.2766150757265297,0.09780285393177923,1.1102230246251565e-16,5,0.42032967032967034
159915,创业板ETF易方达,250,最差年份,2022-01-04,2022-12-30,242,2022,-0.29179614667495324,-0.3018214868319661,-0.3386176284083703,-1.137059654301627,-0.8913342410749261,-0.04880795525170911,-0.050772740626702006,-0.029506658211794434,-1.4554826659159277,-1.7207214813098377,0.24298819142324413,0.30911097019657585,1,0.008264462809917356
510300,沪深300ETF华泰柏瑞,50,趋势期,2017-01-03,2025-12-31,1701,"2017,2018,2019,2020,2022,2024,2025",1.042553908073061,0.11160792336535597,-0.3635882508600148,0.5874023173402994,0.30696240349176235,0.7112193369277122,0.08283878856713112,-0.31763239376889774,0.5806867227344245,0.2608008194132831,-0.3313345711453488,0.04595585709111705,92,0.5608465608465608
510300,沪深300ETF华泰柏瑞,50,上涨趋势期,2017-01-03,2025-12-31,1216,"2017,2019,2020,2024,2025",2.642936502491138,0.3072343669899893,-0.1821611425491778,1.3725788205843694,1.6866075974849883,1.1429827624425068,0.1711142499639482,-0.24812786209970106,0.980631747756271,0.6896212642786251,-1.4999537400486314,-0.06596671955052325,66,0.6916118421052632
510300,沪深300ETF华泰柏瑞,50,下跌趋势期,2018-01-02,2022-12-30,485,"2018,2022",-0.439311141801042,-0.25964669173683685,-0.545504335730177,-1.1033053256641177,-0.47597548677462026,-0.20147778744738198,-0.1103287943795197,-0.28425401677578277,-1.1487024147249458,-0.38813451303503005,0.23783335435366004,0.2612503189543942,26,0.2329896907216495
510300,沪深300ETF华泰柏瑞,50,震荡期,2015-01-05,2026-06-18,1082,"2015,2016,2021,2023,2026",-0.15538855061077583,-0.03856869752912717,-0.5297225891677673,0.04007866933849034,-0.07280923698141965,-0.08616874792255813,-0.020767963655152544,-0.39591160077864007,-0.03494036480750842,-0.05245606245007257,0.0692198026882177,0.1338109883891272,81,0.488909426987061
510300,沪深300ETF华泰柏瑞,50,最差年份,2018-01-02,2018-12-28,243,2018,-0.2840842598010517,-0.2928909002578697,-0.35432654141307107,-1.155928373870695,-0.8266129291071644,-0.20907374195406803,-0.21591480614317904,-0.27134750064156044,-2.149893357874251,-0.7957132666882167,0.07501051784698365,0.08297904077151064,20,0.18106995884773663
510300,沪深300ETF华泰柏瑞,100,趋势期,2017-01-03,2025-12-31,1701,"2017,2018,2019,2020,2022,2024,2025",1.042553908073061,0.11160792336535597,-0.3635882508600148,0.5874023173402994,0.30696240349176235,0.7372739663101817,0.0852656222585948,-0.2463726925966686,0.5812622675788431,0.34608389980208276,-0.3052799417628793,0.11721555826334618,69,0.6161081716637272
510300,沪深300ETF华泰柏瑞,100,上涨趋势期,2017-01-03,2025-12-31,1216,"2017,2019,2020,2024,2025",2.642936502491138,0.3072343669899893,-0.1821611425491778,1.3725788205843694,1.6866075974849883,1.0183699411239062,0.1566644728732025,-0.24637269259666816,0.8656346979693731,0.6358840796113504,-1.624566561367232,-0.06421155004749035,55,0.7919407894736842
510300,沪深300ETF华泰柏瑞,100,下跌趋势期,2018-01-02,2022-12-30,485,"2018,2022",-0.439311141801042,-0.25964669173683685,-0.545504335730177,-1.1033053256641177,-0.47597548677462026,-0.1392688075096864,-0.07496539334328811,-0.22149266580262217,-1.0999440419387774,-0.3384554205063011,0.30004233429135563,0.3240116699275548,14,0.17525773195876287
510300,沪深300ETF华泰柏瑞,100,震荡期,2015-01-05,2026-06-18,1082,"2015,2016,2021,2023,2026",-0.15538855061077583,-0.03856869752912717,-0.5297225891677673,0.04007866933849034,-0.07280923698141965,-0.5047145409495397,-0.15095395434750647,-0.553038342123245,-1.018278058517189,-0.2729538674804328,-0.3493259903387639,-0.02331575295547772,52,0.4066543438077634
510300,沪深300ETF华泰柏瑞,100,最差年份,2018-01-02,2018-12-28,243,2018,-0.2840842598010517,-0.2928909002578697,-0.35432654141307107,-1.155928373870695,-0.8266129291071644,-0.026430983594404545,-0.02739637746322876,-0.11943400421425665,-0.38020086738851117,-0.22938507038649966,0.25765327620664713,0.23489253719881442,5,0.12345679012345678
510300,沪深300ETF华泰柏瑞,150,趋势期,2017-01-03,2025-12-31,1701,"2017,2018,2019,2020,2022,2024,2025",1.042553908073061,0.11160792336535597,-0.3635882508600148,0.5874023173402994,0.30696240349176235,0.8595413322168977,0.09625598066574304,-0.2020500825012983,0.6272115973913184,0.47639664123930525,-0.18301257585616337,0.16153816835871648,49,0.6196355085243974
510300,沪深300ETF华泰柏瑞,150,上涨趋势期,2017-01-03,2025-12-31,1216,"2017,2019,2020,2024,2025",2.642936502491138,0.3072343669899893,-0.1821611425491778,1.3725788205843694,1.6866075974849883,1.09750959554583,0.1659204290384788,-0.2020500825012984,0.8844747237413246,0.8211846636460175,-1.5454269069453082,-0.0198889399521206,42,0.8199013157894737
510300,沪深300ETF华泰柏瑞,150,下跌趋势期,2018-01-02,2022-12-30,485,"2018,2022",-0.439311141801042,-0.25964669173683685,-0.545504335730177,-1.1033053256641177,-0.47597548677462026,-0.11345276504778268,-0.060651938132104455,-0.1981427761136073,-0.8416429441019787,-0.3061021921754493,0.32585837675325935,0.34736155961656967,7,0.11752577319587629
510300,沪深300ETF华泰柏瑞,150,震荡期,2015-01-05,2026-06-18,1082,"2015,2016,2021,2023,2026",-0.15538855061077583,-0.03856869752912717,-0.5297225891677673,0.04007866933849034,-0.07280923698141965,-0.16383085526940233,-0.040815512063925086,-0.33769255943656407,-0.32827539604274836,-0.12086589095129982,-0.008442304658626498,0.1920300297312032,36,0.38170055452865065
510300,沪深300ETF华泰柏瑞,150,最差年份,2018-01-02,2018-12-28,243,2018,-0.2840842598010517,-0.2928909002578697,-0.35432654141307107,-1.155928373870695,-0.8266129291071644,-0.07121649883726233,-0.07375443851428909,-0.15994125245455504,-0.7461745392406354,-0.4611345564850152,0.21286776096378934,0.19438528895851603,3,0.20164609053497942
510300,沪深300ETF华泰柏瑞,200,趋势期,2017-01-03,2025-12-31,1701,"2017,2018,2019,2020,2022,2024,2025",1.042553908073061,0.11160792336535597,-0.3635882508600148,0.5874023173402994,0.30696240349176235,1.1035680458894848,0.11646578176819733,-0.21867294722976705,0.7292841260527144,0.5326026069691319,0.06101413781642373,0.14491530363024774,25,0.6213991769547325
510300,沪深300ETF华泰柏瑞,200,上涨趋势期,2017-01-03,2025-12-31,1216,"2017,2019,2020,2024,2025",2.642936502491138,0.3072343669899893,-0.1821611425491778,1.3725788205843694,1.6866075974849883,1.2348799414429754,0.18134932371143786,-0.21867294722976705,0.9462684697618323,0.8293175996795251,-1.4080565610481628,-0.03651180468058923,22,0.8256578947368421
510300,沪深300ETF华泰柏瑞,200,下跌趋势期,2018-01-02,2022-12-30,485,"2018,2022",-0.439311141801042,-0.25964669173683685,-0.545504335730177,-1.1033053256641177,-0.47597548677462026,-0.05875568218161631,-0.030972559364174868,-0.1500965863985182,-0.3759569096891369,-0.20635085785322457,0.3805554596194257,0.3954077493316588,3,0.10927835051546392
510300,沪深300ETF华泰柏瑞,200,震荡期,2015-01-05,2026-06-18,1082,"2015,2016,2021,2023,2026",-0.15538855061077583,-0.03856869752912717,-0.5297225891677673,0.04007866933849034,-0.07280923698141965,-0.13776769069767947,-0.03393406862236148,-0.27963230833534825,-0.2446134552743146,-0.12135246039476291,0.017620859913096365,0.250090280832419,28,0.39926062846580407
510300,沪深300ETF华泰柏瑞,200,最差年份,2018-01-02,2018-12-28,243,2018,-0.2840842598010517,-0.2928909002578697,-0.35432654141307107,-1.155928373870695,-0.8266129291071644,-0.05875568218161631,-0.06086423285647269,-0.1500965863985182,-0.5312844824746819,-0.40550044685808767,0.22532857761943537,0.20422995501455288,3,0.21810699588477367
510300,沪深300ETF华泰柏瑞,250,趋势期,2017-01-03,2025-12-31,1701,"2017,2018,2019,2020,2022,2024,2025",1.042553908073061,0.11160792336535597,-0.3635882508600148,0.5874023173402994,0.30696240349176235,1.120682051148668,0.11780680637472196,-0.18618435396194377,0.736119190096341,0.632742783525203,0.07812814307560689,0.177403896898071,29,0.6225749559082893
510300,沪深300ETF华泰柏瑞,250,上涨趋势期,2017-01-03,2025-12-31,1216,"2017,2019,2020,2024,2025",2.642936502491138,0.3072343669899893,-0.1821611425491778,1.3725788205843694,1.6866075974849883,1.3331638565965864,0.19193290600728363,-0.18618435396194366,0.9989722698082991,1.0308755914394128,-1.3097726458945518,-0.004023211412765848,24,0.8067434210526315
510300,沪深300ETF华泰柏瑞,250,下跌趋势期,2018-01-02,2022-12-30,485,"2018,2022",-0.439311141801042,-0.25964669173683685,-0.545504335730177,-1.1033053256641177,-0.47597548677462026,-0.09107024560112331,-0.048403430821694626,-0.17789841213671354,-0.5269641906989089,-0.2720846703482489,0.3482408961999187,0.36760592359346345,5,0.16082474226804125
510300,沪深300ETF华泰柏瑞,250,震荡期,2015-01-05,2026-06-18,1082,"2015,2016,2021,2023,2026",-0.15538855061077583,-0.03856869752912717,-0.5297225891677673,0.04007866933849034,-0.07280923698141965,-0.15981061817320463,-0.03974341622645483,-0.3220217447551973,-0.3084162681154914,-0.12341842398459146,-0.0044220675624288,0.20770084441256997,28,0.3752310536044362
510300,沪深300ETF华泰柏瑞,250,最差年份,2018-01-02,2018-12-28,243,2018,-0.2840842598010517,-0.2928909002578697,-0.35432654141307107,-1.155928373870695,-0.8266129291071644,-0.09107024560112331,-0.09427906439520461,-0.17789841213671354,-0.7448816370590522,-0.529960123099648,0.19301401419992836,0.17642812927635754,5,0.32098765432098764
511010,国债ETF国泰,50,震荡期,2015-01-05,2026-06-18,2783,"2015,2016,2017,2018,2019,2020,2021,2022,2023,2024,2025,2026",0.4197048785384401,0.03224193913389195,-0.050283211726015575,1.3561143338801258,0.6412068367782996,0.1696085048345044,0.014287452521105637,-0.052632410469218405,0.7571923266971935,0.27145730917001276,-0.25009637370393567,-0.0023491987432028294,131,0.7596119295724039
511010,国债ETF国泰,50,最差年份,2017-01-03,2017-12-29,244,2017,-0.012337680368001758,-0.012739606965654016,-0.024418572495229163,-0.5955060979968159,-0.5217179246716018,-0.0436500875569612,-0.045048514966381625,-0.0436500875569612,-3.1958311106818744,-1.032037218885198,-0.031312407188959446,-0.01923151506173204,26,0.48770491803278687
511010,国债ETF国泰,100,震荡期,2015-01-05,2026-06-18,2783,"2015,2016,2017,2018,2019,2020,2021,2022,2023,2024,2025,2026",0.4197048785384401,0.03224193913389195,-0.050283211726015575,1.3561143338801258,0.6412068367782996,0.2928328357958956,0.02352896162929574,-0.041625325809953484,1.236518998569268,0.5652559150340506,-0.1268720427425445,0.008657885916062091,57,0.7811713977721882
511010,国债ETF国泰,100,最差年份,2017-01-03,2017-12-29,244,2017,-0.012337680368001758,-0.012739606965654016,-0.024418572495229163,-0.5955060979968159,-0.5217179246716018,-0.012711139630513402,-0.013125151442781036,-0.012711139630513402,-2.4870046640819243,-1.0325707862789728,-0.00037345926251164396,0.011707432864715761,8,0.1721311475409836
511010,国债ETF国泰,150,震荡期,2015-01-05,2026-06-18,2783,"2015,2016,2017,2018,2019,2020,2021,2022,2023,2024,2025,2026",0.4197048785384401,0.03224193913389195,-0.050283211726015575,1.3561143338801258,0.6412068367782996,0.3095785237675488,0.024722409852813598,-0.05489118573497853,1.3052649822708984,0.4503894299565046,-0.11012635477089128,-0.004607974008962956,33,0.7930291052820697
511010,国债ETF国泰,150,最差年份,2017-01-03,2017-12-29,244,2017,-0.012337680368001758,-0.012739606965654016,-0.024418572495229163,-0.5955060979968159,-0.5217179246716018,-0.00589327768975445,-0.006085910765075364,-0.00589327768975445,-2.575749953308454,-1.0326869164261188,0.006444402678247307,0.018525294805474712,4,0.020491803278688523
511010,国债ETF国泰,200,震荡期,2015-01-05,2026-06-18,2783,"2015,2016,2017,2018,2019,2020,2021,2022,2023,2024,2025,2026",0.4197048785384401,0.03224193913389195,-0.050283211726015575,1.3561143338801258,0.6412068367782996,0.3101309361896869,0.02476154276520659,-0.06509275791284608,1.335647881869771,0.38040395827689905,-0.10957394234875317,-0.014809546186830502,15,0.7782968020122171
511010,国债ETF国泰,200,最差年份,2017-01-03,2017-12-29,244,2017,-0.012337680368001758,-0.012739606965654016,-0.024418572495229163,-0.5955060979968159,-0.5217179246716018,0.0,0.0,0.0,,,0.012337680368001758,0.024418572495229163,0,0.0
511010,国债ETF国泰,250,震荡期,2015-01-05,2026-06-18,2783,"2015,2016,2017,2018,2019,2020,2021,2022,2023,2024,2025,2026",0.4197048785384401,0.03224193913389195,-0.050283211726015575,1.3561143338801258,0.6412068367782996,0.2800749391495747,0.022610246428264924,-0.06486166785886271,1.2447582812694746,0.34859181354177055,-0.13962993938886537,-0.01457845613284714,19,0.7599712540424003
511010,国债ETF国泰,250,最差年份,2017-01-03,2017-12-29,244,2017,-0.012337680368001758,-0.012739606965654016,-0.024418572495229163,-0.5955060979968159,-0.5217179246716018,0.0,0.0,0.0,,,0.012337680368001758,0.024418572495229163,0,0.0
